_id,Year,Hbr,HbrQf,AgeGroup,AgeGroupQf,Sex,SexQf,Diagnosis,NumberOfDeaths,NumberOfDeathsQf,CrudeRate,CrudeRateQf,EASR
1,2015,S08000015,"",0-44 years,"",Male,"",Coronary Heart Disease,9,"",10.01145755698188,"",10.799392094677149
2,2015,S08000015,"",0-44 years,"",Female,"",Coronary Heart Disease,3,"",3.2622879512831666,"",3.3486100509397074
3,2015,S08000015,"",0-44 years,"",All,d,Coronary Heart Disease,12,"",6.598591200778634,"",7.074001072808428
4,2015,S08000015,"",45-64 years,"",Male,"",Coronary Heart Disease,67,"",128.20758146922063,"",127.9244157260057
5,2015,S08000015,"",45-64 years,"",Female,"",Coronary Heart Disease,21,"",36.95881731784583,"",37.01676317393613
6,2015,S08000015,"",45-64 years,"",All,d,Coronary Heart Disease,88,"",80.67547373921654,"",82.47058944997093
7,2015,S08000015,"",65-74 years,"",Male,"",Coronary Heart Disease,87,"",410.29994340690433,"",423.62059476373287
8,2015,S08000015,"",65-74 years,"",Female,"",Coronary Heart Disease,38,"",161.40678758017245,"",162.21107268059035
9,2015,S08000015,"",65-74 years,"",All,d,Coronary Heart Disease,125,"",279.3483362013096,"",292.9158337221616
10,2015,S08000015,"",75plus years,"",Male,"",Coronary Heart Disease,200,"",1405.5801532082367,"",1551.5456422024838
11,2015,S08000015,"",75plus years,"",Female,"",Coronary Heart Disease,194,"",960.9669110362591,"",943.1602815147356
12,2015,S08000015,"",75plus years,"",All,d,Coronary Heart Disease,394,"",1144.7831013743207,"",1247.35296185861
13,2015,S08000015,"",under75 years,"",Male,"",Coronary Heart Disease,163,"",99.7796278158668,"",92.54044433924079
14,2015,S08000015,"",under75 years,"",Female,"",Coronary Heart Disease,62,"",35.97894651323387,"",31.483356373695056
15,2015,S08000015,"",under75 years,"",All,d,Coronary Heart Disease,225,"",67.02752299044039,"",62.011900356467926
16,2015,S08000015,"",All Ages,d,Male,"",Coronary Heart Disease,363,"",204.4045520837439,"",223.85091214693264
17,2015,S08000015,"",All Ages,d,Female,"",Coronary Heart Disease,256,"",132.97941416334652,"",113.53427963638873
18,2015,S08000015,"",All Ages,d,All,d,Coronary Heart Disease,619,"",167.2520940286409,"",168.6925958916607
19,2015,S08000016,"",0-44 years,"",Male,"",Coronary Heart Disease,3,"",11.616200727948579,"",12.381820498931088
20,2015,S08000016,"",0-44 years,"",Female,"",Coronary Heart Disease,0,"",0,"",0
21,2015,S08000016,"",0-44 years,"",All,d,Coronary Heart Disease,3,"",5.723880027474624,"",6.190910249465544
22,2015,S08000016,"",45-64 years,"",Male,"",Coronary Heart Disease,15,"",86.15243237034059,"",84.69120718546235
23,2015,S08000016,"",45-64 years,"",Female,"",Coronary Heart Disease,5,"",27.6380520700901,"",27.40520806607947
24,2015,S08000016,"",45-64 years,"",All,d,Coronary Heart Disease,20,"",56.334854374401445,"",56.04820762577092
25,2015,S08000016,"",65-74 years,"",Male,"",Coronary Heart Disease,27,"",366.5490089600869,"",382.3496500307779
26,2015,S08000016,"",65-74 years,"",Female,"",Coronary Heart Disease,12,"",153.84615384615384,"",158.0486990191507
27,2015,S08000016,"",65-74 years,"",All,d,Coronary Heart Disease,39,"",257.1541606224449,"",270.1991745249643
28,2015,S08000016,"",75plus years,"",Male,"",Coronary Heart Disease,78,"",1549.7715080468904,"",1889.1004093278173
29,2015,S08000016,"",75plus years,"",Female,"",Coronary Heart Disease,62,"",914.8590821897595,"",891.7369268598738
30,2015,S08000016,"",75plus years,"",All,d,Coronary Heart Disease,140,"",1185.4360711261643,"",1390.4186680938453
31,2015,S08000016,"",under75 years,"",Male,"",Coronary Heart Disease,45,"",88.92753394067546,"",76.127545304178
32,2015,S08000016,"",under75 years,"",Female,"",Coronary Heart Disease,17,"",32.39514453951254,"",26.217025862111957
33,2015,S08000016,"",under75 years,"",All,d,Coronary Heart Disease,62,"",60.147458284827316,"",51.17228558314498
34,2015,S08000016,"",All Ages,d,Male,"",Coronary Heart Disease,123,"",221.07987633906103,"",239.29510306630553
35,2015,S08000016,"",All Ages,d,Female,"",Coronary Heart Disease,79,"",133.32433253451242,"",104.11381695191052
36,2015,S08000016,"",All Ages,d,All,d,Coronary Heart Disease,202,"",175.82034989990424,"",171.70446000910803
37,2015,S08000017,"",0-44 years,"",Male,"",Coronary Heart Disease,1,"",2.9922202274087373,"",3.032508491023775
38,2015,S08000017,"",0-44 years,"",Female,"",Coronary Heart Disease,0,"",0,"",0
39,2015,S08000017,"",0-44 years,"",All,d,Coronary Heart Disease,1,"",1.4864141744455674,"",1.5162542455118875
40,2015,S08000017,"",45-64 years,"",Male,"",Coronary Heart Disease,25,"",114.27526626137039,"",110.1314706453275
41,2015,S08000017,"",45-64 years,"",Female,"",Coronary Heart Disease,7,"",30.02874179571876,"",29.148210414036726
42,2015,S08000017,"",45-64 years,"",All,d,Coronary Heart Disease,32,"",70.8152606886784,"",69.6398405296821
43,2015,S08000017,"",65-74 years,"",Male,"",Coronary Heart Disease,37,"",374.7594449508761,"",392.1746805600767
44,2015,S08000017,"",65-74 years,"",Female,"",Coronary Heart Disease,14,"",134.9657765352357,"",137.52250033540983
45,2015,S08000017,"",65-74 years,"",All,d,Coronary Heart Disease,51,"",251.90161019460635,"",264.8485904477433
46,2015,S08000017,"",75plus years,"",Male,"",Coronary Heart Disease,96,"",1371.820520148614,"",1488.5224148304235
47,2015,S08000017,"",75plus years,"",Female,"",Coronary Heart Disease,100,"",1097.4539069359087,"",1069.881449156689
48,2015,S08000017,"",75plus years,"",All,d,Coronary Heart Disease,196,"",1216.635630043451,"",1279.2019319935562
49,2015,S08000017,"",under75 years,"",Male,"",Coronary Heart Disease,63,"",96.6702470461869,"",79.12168765381612
50,2015,S08000017,"",under75 years,"",Female,"",Coronary Heart Disease,21,"",31.092685815812853,"",24.356195928503038
51,2015,S08000017,"",under75 years,"",All,d,Coronary Heart Disease,84,"",63.2959083716374,"",51.73894179115959
52,2015,S08000017,"",All Ages,d,Male,"",Coronary Heart Disease,159,"",220.31925507149984,"",205.9677530997108
53,2015,S08000017,"",All Ages,d,Female,"",Coronary Heart Disease,121,"",157.85628555027918,"",118.45346871903978
54,2015,S08000017,"",All Ages,d,All,d,Coronary Heart Disease,280,"",188.14675446848543,"",162.21061090937528
55,2015,S08000019,"",0-44 years,"",Male,"",Coronary Heart Disease,3,"",3.7866357004013835,"",4.02780573995148
56,2015,S08000019,"",0-44 years,"",Female,"",Coronary Heart Disease,3,"",3.7531432574781376,"",4.016267439281668
57,2015,S08000019,"",0-44 years,"",All,d,Coronary Heart Disease,6,"",3.7698150905698076,"",4.022036589616574
58,2015,S08000019,"",45-64 years,"",Male,"",Coronary Heart Disease,51,"",121.20635976899494,"",124.28010411959114
59,2015,S08000019,"",45-64 years,"",Female,"",Coronary Heart Disease,11,"",25.0740825165261,"",26.137558635083057
60,2015,S08000019,"",45-64 years,"",All,d,Coronary Heart Disease,62,"",72.1374800749299,"",75.20883137733709
61,2015,S08000019,"",65-74 years,"",Male,"",Coronary Heart Disease,54,"",358.9232303090728,"",370.8828164033975
62,2015,S08000019,"",65-74 years,"",Female,"",Coronary Heart Disease,32,"",194.6235251185987,"",201.40996035916558
63,2015,S08000019,"",65-74 years,"",All,d,Coronary Heart Disease,86,"",273.12859275256454,"",286.14638838128155
64,2015,S08000019,"",75plus years,"",Male,"",Coronary Heart Disease,119,"",1219.262295081967,"",1382.9749714236652
65,2015,S08000019,"",75plus years,"",Female,"",Coronary Heart Disease,108,"",772.69800386349,"",770.3119158301217
66,2015,S08000019,"",75plus years,"",All,d,Coronary Heart Disease,227,"",956.3129291822893,"",1076.6434436268933
67,2015,S08000019,"",under75 years,"",Male,"",Coronary Heart Disease,108,"",79.20908264147621,"",81.37575649848593
68,2015,S08000019,"",under75 years,"",Female,"",Coronary Heart Disease,46,"",32.79974330635673,"",33.23437724529835
69,2015,S08000019,"",under75 years,"",All,d,Coronary Heart Disease,154,"",55.67747556879603,"",57.30506687189214
70,2015,S08000019,"",All Ages,d,Male,"",Coronary Heart Disease,227,"",155.36452487201248,"",198.51968584175205
71,2015,S08000019,"",All Ages,d,Female,"",Coronary Heart Disease,154,"",99.8560516657805,"",99.57135571793245
72,2015,S08000019,"",All Ages,d,All,d,Coronary Heart Disease,381,"",126.86045350114874,"",149.04552077984224
73,2015,S08000020,"",0-44 years,"",Male,"",Coronary Heart Disease,3,"",1.8265618626060167,"",1.9688582872057965
74,2015,S08000020,"",0-44 years,"",Female,"",Coronary Heart Disease,2,"",1.2404408526790422,"",1.3589226360399844
75,2015,S08000020,"",0-44 years,"",All,d,Coronary Heart Disease,5,"",1.5362115793484006,"",1.6638904616228902
76,2015,S08000020,"",45-64 years,"",Male,"",Coronary Heart Disease,62,"",78.54762900181166,"",79.83980042320405
77,2015,S08000020,"",45-64 years,"",Female,"",Coronary Heart Disease,13,"",16.37795275590551,"",16.76163724736539
78,2015,S08000020,"",45-64 years,"",All,d,Coronary Heart Disease,75,"",47.37600121282563,"",48.30071883528473
79,2015,S08000020,"",65-74 years,"",Male,"",Coronary Heart Disease,90,"",328.03615687417994,"",345.5748570739985
80,2015,S08000020,"",65-74 years,"",Female,"",Coronary Heart Disease,27,"",93.10023792283025,"",95.08330686724662
81,2015,S08000020,"",65-74 years,"",All,d,Coronary Heart Disease,117,"",207.31080674025907,"",220.32908197062258
82,2015,S08000020,"",75plus years,"",Male,"",Coronary Heart Disease,213,"",1156.7913973822842,"",1274.764473827625
83,2015,S08000020,"",75plus years,"",Female,"",Coronary Heart Disease,213,"",816.2170447578172,"",779.0045075443193
84,2015,S08000020,"",75plus years,"",All,d,Coronary Heart Disease,426,"",957.1097980183783,"",1026.8844906859722
85,2015,S08000020,"",under75 years,"",Male,"",Coronary Heart Disease,155,"",57.277578230085886,"",64.29240723078027
86,2015,S08000020,"",under75 years,"",Female,"",Coronary Heart Disease,42,"",15.578114973906658,"",16.658680566015732
87,2015,S08000020,"",under75 years,"",All,d,Coronary Heart Disease,197,"",36.46655720529191,"",40.475543898398
88,2015,S08000020,"",All Ages,d,Male,"",Coronary Heart Disease,368,"",127.32462589741372,"",173.2348932244963
89,2015,S08000020,"",All Ages,d,Female,"",Coronary Heart Disease,255,"",86.23459190747535,"",85.26980499406305
90,2015,S08000020,"",All Ages,d,All,d,Coronary Heart Disease,623,"",106.54490106544901,"",129.2523491092797
91,2015,S08000022,"",0-44 years,"",Male,"",Coronary Heart Disease,4,"",5.0953466746493765,"",5.771874528902305
92,2015,S08000022,"",0-44 years,"",Female,"",Coronary Heart Disease,0,"",0,"",0
93,2015,S08000022,"",0-44 years,"",All,d,Coronary Heart Disease,4,"",2.5879079998706045,"",2.8859372644511523
94,2015,S08000022,"",45-64 years,"",Male,"",Coronary Heart Disease,58,"",122.44811788798108,"",119.5900439290485
95,2015,S08000022,"",45-64 years,"",Female,"",Coronary Heart Disease,12,"",24.228229925901996,"",23.760471213161196
96,2015,S08000022,"",45-64 years,"",All,d,Coronary Heart Disease,70,"",72.24240422721269,"",71.67525757110485
97,2015,S08000022,"",65-74 years,"",Male,"",Coronary Heart Disease,63,"",321.52699806063083,"",324.46119449098194
98,2015,S08000022,"",65-74 years,"",Female,"",Coronary Heart Disease,22,"",107.60050865695001,"",109.69913219929118
99,2015,S08000022,"",65-74 years,"",All,d,Coronary Heart Disease,85,"",212.2877122877123,"",217.08016334513655
100,2015,S08000022,"",75plus years,"",Male,"",Coronary Heart Disease,169,"",1340.6314453434873,"",1509.7959033709417
101,2015,S08000022,"",75plus years,"",Female,"",Coronary Heart Disease,144,"",808.852440599899,"",776.7279637306957
102,2015,S08000022,"",75plus years,"",All,d,Coronary Heart Disease,313,"",1029.3005360255188,"",1143.2619335508189
103,2015,S08000022,"",under75 years,"",Male,"",Coronary Heart Disease,125,"",85.93191442556234,"",75.68857066852549
104,2015,S08000022,"",under75 years,"",Female,"",Coronary Heart Disease,34,"",23.281771058019544,"",19.576850277377247
105,2015,S08000022,"",under75 years,"",All,d,Coronary Heart Disease,159,"",54.545267426183784,"",47.63271047295137
106,2015,S08000022,"",All Ages,d,Male,"",Coronary Heart Disease,294,"",185.99354716264946,"",204.75823061174296
107,2015,S08000022,"",All Ages,d,Female,"",Coronary Heart Disease,178,"",108.642578125,"",87.72045048817591
108,2015,S08000022,"",All Ages,d,All,d,Coronary Heart Disease,472,"",146.62483302786492,"",146.23934054995945
109,2015,S08000024,"",0-44 years,"",Male,"",Coronary Heart Disease,7,"",2.839768112649544,"",2.935864699302561
110,2015,S08000024,"",0-44 years,"",Female,"",Coronary Heart Disease,3,"",1.1919756201253164,"",1.3267105866201616
111,2015,S08000024,"",0-44 years,"",All,d,Coronary Heart Disease,10,"",2.0072985374822854,"",2.131287642961362
112,2015,S08000024,"",45-64 years,"",Male,"",Coronary Heart Disease,103,"",94.2731358173847,"",98.03091869576807
113,2015,S08000024,"",45-64 years,"",Female,"",Coronary Heart Disease,33,"",29.115163706625026,"",29.73184538592737
114,2015,S08000024,"",45-64 years,"",All,d,Coronary Heart Disease,136,"",61.09613656783468,"",63.88138204084772
115,2015,S08000024,"",65-74 years,"",Male,"",Coronary Heart Disease,119,"",329.2568203198495,"",341.6314745540817
116,2015,S08000024,"",65-74 years,"",Female,"",Coronary Heart Disease,56,"",138.1624395539327,"",144.26135727529154
117,2015,S08000024,"",65-74 years,"",All,d,Coronary Heart Disease,175,"",228.2390380050604,"",242.94641591468664
118,2015,S08000024,"",75plus years,"",Male,"",Coronary Heart Disease,323,"",1293.3450788820373,"",1397.5086924734874
119,2015,S08000024,"",75plus years,"",Female,"",Coronary Heart Disease,321,"",862.9032258064516,"",837.8677383474687
120,2015,S08000024,"",75plus years,"",All,d,Coronary Heart Disease,644,"",1035.802747129025,"",1117.688215410478
121,2015,S08000024,"",under75 years,"",Male,"",Coronary Heart Disease,229,"",58.43357200087778,"",69.70864309909945
122,2015,S08000024,"",under75 years,"",Female,"",Coronary Heart Disease,92,"",22.684794776579427,"",26.09099478895742
123,2015,S08000024,"",under75 years,"",All,d,Coronary Heart Disease,321,"",40.253004554483255,"",47.89981894402844
124,2015,S08000024,"",All Ages,d,Male,"",Coronary Heart Disease,552,"",132.41474601316472,"",189.21064754279436
125,2015,S08000024,"",All Ages,d,Female,"",Coronary Heart Disease,413,"",93.27894696425588,"",99.15090170922343
126,2015,S08000024,"",All Ages,d,All,d,Coronary Heart Disease,965,"",112.25759919965567,"",144.1807746260089
127,2015,S08000025,"",0-44 years,"",Male,"",Coronary Heart Disease,0,"",0,"",0
128,2015,S08000025,"",0-44 years,"",Female,"",Coronary Heart Disease,0,"",0,"",0
129,2015,S08000025,"",0-44 years,"",All,d,Coronary Heart Disease,0,"",0,"",0
130,2015,S08000025,"",45-64 years,"",Male,"",Coronary Heart Disease,3,"",90.30704394942805,"",88.41775561239596
131,2015,S08000025,"",45-64 years,"",Female,"",Coronary Heart Disease,1,"",30.816640986132512,"",31.07658157602663
132,2015,S08000025,"",45-64 years,"",All,d,Coronary Heart Disease,4,"",60.91061367443277,"",59.747168594211296
133,2015,S08000025,"",65-74 years,"",Male,"",Coronary Heart Disease,7,"",530.705079605762,"",568.8445247419463
134,2015,S08000025,"",65-74 years,"",Female,"",Coronary Heart Disease,2,"",145.34883720930233,"",149.27601134497687
135,2015,S08000025,"",65-74 years,"",All,d,Coronary Heart Disease,9,"",333.9517625231911,"",359.0602680434615
136,2015,S08000025,"",75plus years,"",Male,"",Coronary Heart Disease,10,"",1090.5125408942204,"",1136.0000331524793
137,2015,S08000025,"",75plus years,"",Female,"",Coronary Heart Disease,18,"",1551.7241379310344,"",1490.6948778012547
138,2015,S08000025,"",75plus years,"",All,d,Coronary Heart Disease,28,"",1348.0982185844969,"",1313.347455476867
139,2015,S08000025,"",under75 years,"",Male,"",Coronary Heart Disease,10,"",102.60619741432383,"",91.38393443427394
140,2015,S08000025,"",under75 years,"",Female,"",Coronary Heart Disease,3,"",30.937403320614624,"",26.273928910845743
141,2015,S08000025,"",under75 years,"",All,d,Coronary Heart Disease,13,"",66.86210975672479,"",58.82893167255984
142,2015,S08000025,"",All Ages,d,Male,"",Coronary Heart Disease,20,"",187.56447528838038,"",185.39938331891244
143,2015,S08000025,"",All Ages,d,Female,"",Coronary Heart Disease,21,"",193.42359767891682,"",158.07181431098255
144,2015,S08000025,"",All Ages,d,All,d,Coronary Heart Disease,41,"",190.52044609665427,"",171.7355988149475
145,2015,S08000026,"",0-44 years,"",Male,"",Coronary Heart Disease,1,"",15.607928827844546,"",17.806267806267805
146,2015,S08000026,"",0-44 years,"",Female,"",Coronary Heart Disease,0,"",0,"",0
147,2015,S08000026,"",0-44 years,"",All,d,Coronary Heart Disease,1,"",8.058667096462244,"",8.903133903133902
148,2015,S08000026,"",45-64 years,"",Male,"",Coronary Heart Disease,2,"",59.06674542232723,"",59.582919563058596
149,2015,S08000026,"",45-64 years,"",Female,"",Coronary Heart Disease,0,"",0,"",0
150,2015,S08000026,"",45-64 years,"",All,d,Coronary Heart Disease,2,"",30.303030303030305,"",29.791459781529298
151,2015,S08000026,"",65-74 years,"",Male,"",Coronary Heart Disease,9,"",696.594427244582,"",725.1837749219948
152,2015,S08000026,"",65-74 years,"",Female,"",Coronary Heart Disease,4,"",324.6753246753247,"",324.811500069232
153,2015,S08000026,"",65-74 years,"",All,d,Coronary Heart Disease,13,"",515.0554675118859,"",524.9976374956135
154,2015,S08000026,"",75plus years,"",Male,"",Coronary Heart Disease,16,"",2007.5282308657463,"",2404.148942179636
155,2015,S08000026,"",75plus years,"",Female,"",Coronary Heart Disease,11,"",1057.6923076923078,"",991.2662557191168
156,2015,S08000026,"",75plus years,"",All,d,Coronary Heart Disease,27,"",1469.7876973326074,"",1697.7075989493762
157,2015,S08000026,"",under75 years,"",Male,"",Coronary Heart Disease,12,"",108.25439783491206,"",111.59247765538969
158,2015,S08000026,"",under75 years,"",Female,"",Coronary Heart Disease,4,"",38.28483920367535,"",37.47825000798831
159,2015,S08000026,"",under75 years,"",All,d,Coronary Heart Disease,16,"",74.30455579807737,"",74.535363831689
160,2015,S08000026,"",All Ages,d,Male,"",Coronary Heart Disease,28,"",235.650563878135,"",317.9225594625718
161,2015,S08000026,"",All Ages,d,Female,"",Coronary Heart Disease,15,"",130.57103064066854,"",123.31917052198986
162,2015,S08000026,"",All Ages,d,All,d,Coronary Heart Disease,43,"",183.99657680787334,"",220.62086499228087
163,2015,S08000028,"",0-44 years,"",Male,"",Coronary Heart Disease,1,"",16.043638697256537,"",14.797902925756807
164,2015,S08000028,"",0-44 years,"",Female,"",Coronary Heart Disease,1,"",16.65001665001665,"",15.543121058708586
165,2015,S08000028,"",0-44 years,"",All,d,Coronary Heart Disease,2,"",16.341204346760357,"",15.170511992232697
166,2015,S08000028,"",45-64 years,"",Male,"",Coronary Heart Disease,5,"",122.1001221001221,"",121.58696320087014
167,2015,S08000028,"",45-64 years,"",Female,"",Coronary Heart Disease,3,"",73.67387033398822,"",70.9742776963077
168,2015,S08000028,"",45-64 years,"",All,d,Coronary Heart Disease,8,"",97.95518550263255,"",96.28062044858893
169,2015,S08000028,"",65-74 years,"",Male,"",Coronary Heart Disease,9,"",504.4843049327354,"",546.6002659641575
170,2015,S08000028,"",65-74 years,"",Female,"",Coronary Heart Disease,2,"",112.17049915872126,"",121.01409814243358
171,2015,S08000028,"",65-74 years,"",All,d,Coronary Heart Disease,11,"",308.3823941687693,"",333.8071820532955
172,2015,S08000028,"",75plus years,"",Male,"",Coronary Heart Disease,17,"",1445.578231292517,"",1837.4809109296234
173,2015,S08000028,"",75plus years,"",Female,"",Coronary Heart Disease,19,"",1066.8163952835484,"",1034.0503480807083
174,2015,S08000028,"",75plus years,"",All,d,Coronary Heart Disease,36,"",1217.450118363206,"",1435.765629505166
175,2015,S08000028,"",under75 years,"",Male,"",Coronary Heart Disease,15,"",123.8441215323646,"",107.25762720261078
176,2015,S08000028,"",under75 years,"",Female,"",Coronary Heart Disease,6,"",50.58595396678189,"",43.85488930349418
177,2015,S08000028,"",under75 years,"",All,d,Coronary Heart Disease,21,"",87.59854836691278,"",75.55625825305248
178,2015,S08000028,"",All Ages,d,Male,"",Coronary Heart Disease,32,"",240.81878386514148,"",262.9777227380419
179,2015,S08000028,"",All Ages,d,Female,"",Coronary Heart Disease,25,"",183.25758686409617,"",132.97248059344344
180,2015,S08000028,"",All Ages,d,All,d,Coronary Heart Disease,57,"",211.6598588934274,"",197.97510166574267
181,2015,S08000029,"",0-44 years,"",Male,"",Coronary Heart Disease,4,"",4.242141432995376,"",4.632790708952562
182,2015,S08000029,"",0-44 years,"",Female,"",Coronary Heart Disease,1,"",1.0374627810227308,"",1.0500577531764246
183,2015,S08000029,"",0-44 years,"",All,d,Coronary Heart Disease,5,"",2.6221805004169267,"",2.8414242310644933
184,2015,S08000029,"",45-64 years,"",Male,"",Coronary Heart Disease,64,"",126.26511728845661,"",127.3647453861807
185,2015,S08000029,"",45-64 years,"",Female,"",Coronary Heart Disease,23,"",43.20628181766949,"",43.07795801645038
186,2015,S08000029,"",45-64 years,"",All,d,Coronary Heart Disease,87,"",83.71824480369516,"",85.22135170131554
187,2015,S08000029,"",65-74 years,"",Male,"",Coronary Heart Disease,80,"",406.3182487683478,"",409.25989323946453
188,2015,S08000029,"",65-74 years,"",Female,"",Coronary Heart Disease,32,"",148.78184861446903,"",154.24551743688363
189,2015,S08000029,"",65-74 years,"",All,d,Coronary Heart Disease,112,"",271.8644561497197,"",281.7527053381741
190,2015,S08000029,"",75plus years,"",Male,"",Coronary Heart Disease,146,"",1137.6032413900577,"",1264.2745655695178
191,2015,S08000029,"",75plus years,"",Female,"",Coronary Heart Disease,154,"",837.5027191646726,"",813.3216317251284
192,2015,S08000029,"",75plus years,"",All,d,Coronary Heart Disease,300,"",960.8609313945295,"",1038.798098647323
193,2015,S08000029,"",under75 years,"",Male,"",Coronary Heart Disease,148,"",89.8778147545364,"",87.06115747287478
194,2015,S08000029,"",under75 years,"",Female,"",Coronary Heart Disease,56,"",32.72366037515339,"",30.965350980161983
195,2015,S08000029,"",under75 years,"",All,d,Coronary Heart Disease,204,"",60.75080852178988,"",59.013254226518384
196,2015,S08000029,"",All Ages,d,Male,"",Coronary Heart Disease,294,"",165.6319365415601,"",193.01036420157266
197,2015,S08000029,"",All Ages,d,Female,"",Coronary Heart Disease,210,"",110.80741670975844,"",101.37741624720897
198,2015,S08000029,"",All Ages,d,All,d,Coronary Heart Disease,504,"",137.3222167729279,"",147.1938902243908
199,2015,S08000030,"",0-44 years,"",Male,"",Coronary Heart Disease,5,"",4.6847623420063895,"",5.657263796200158
200,2015,S08000030,"",0-44 years,"",Female,"",Coronary Heart Disease,2,"",1.8762606125990902,"",2.157979149117852
201,2015,S08000030,"",0-44 years,"",All,d,Coronary Heart Disease,7,"",3.2813935609682923,"",3.9076214726590055
202,2015,S08000030,"",45-64 years,"",Male,"",Coronary Heart Disease,42,"",75.40124232523068,"",75.39668556391817
203,2015,S08000030,"",45-64 years,"",Female,"",Coronary Heart Disease,19,"",32.525335524513835,"",32.47699339646455
204,2015,S08000030,"",45-64 years,"",All,d,Coronary Heart Disease,61,"",53.4534429274961,"",53.93683948019137
205,2015,S08000030,"",65-74 years,"",Male,"",Coronary Heart Disease,78,"",356.261989586188,"",377.2189585345218
206,2015,S08000030,"",65-74 years,"",Female,"",Coronary Heart Disease,46,"",191.37163539543204,"",196.7714427990314
207,2015,S08000030,"",65-74 years,"",All,d,Coronary Heart Disease,124,"",269.9701726502798,"",286.99520066677655
208,2015,S08000030,"",75plus years,"",Male,"",Coronary Heart Disease,213,"",1317.172716591429,"",1429.6796849267841
209,2015,S08000030,"",75plus years,"",Female,"",Coronary Heart Disease,240,"",1037.344398340249,"",982.3297243395006
210,2015,S08000030,"",75plus years,"",All,d,Coronary Heart Disease,453,"",1152.4664817971354,"",1206.0047046331424
211,2015,S08000030,"",under75 years,"",Male,"",Coronary Heart Disease,125,"",67.81500067815,"",68.83849974781448
212,2015,S08000030,"",under75 years,"",Female,"",Coronary Heart Disease,67,"",35.440734628242566,"",33.442542290642905
213,2015,S08000030,"",under75 years,"",All,d,Coronary Heart Disease,192,"",51.42310772337582,"",51.1405210192287
214,2015,S08000030,"",All Ages,d,Male,"",Coronary Heart Disease,338,"",168.58191684622136,"",191.31420641392177
215,2015,S08000030,"",All Ages,d,Female,"",Coronary Heart Disease,307,"",144.68574444821476,"",118.84238867504008
216,2015,S08000030,"",All Ages,d,All,d,Coronary Heart Disease,645,"",156.2954347193952,"",155.07829754448093
217,2015,S08000031,"",0-44 years,"",Male,"",Coronary Heart Disease,25,"",7.8357624196834355,"",8.946725479882168
218,2015,S08000031,"",0-44 years,"",Female,"",Coronary Heart Disease,6,"",1.8630011084856597,"",2.0884675803177317
219,2015,S08000031,"",0-44 years,"",All,d,Coronary Heart Disease,31,"",4.8353561239785305,"",5.51759653009995
220,2015,S08000031,"",45-64 years,"",Male,"",Coronary Heart Disease,213,"",141.59315566605287,"",144.6867015789043
221,2015,S08000031,"",45-64 years,"",Female,"",Coronary Heart Disease,48,"",29.745674483168905,"",31.392684371814966
222,2015,S08000031,"",45-64 years,"",All,d,Coronary Heart Disease,261,"",83.707773277015,"",88.03969297535964
223,2015,S08000031,"",65-74 years,"",Male,"",Coronary Heart Disease,233,"",489.96929806115156,"",503.59186755771924
224,2015,S08000031,"",65-74 years,"",Female,"",Coronary Heart Disease,79,"",145.91529524759426,"",149.87290610666315
225,2015,S08000031,"",65-74 years,"",All,d,Coronary Heart Disease,312,"",306.7997443335464,"",326.73238683219125
226,2015,S08000031,"",75plus years,"",Male,"",Coronary Heart Disease,399,"",1204.855658896002,"",1263.2104404899087
227,2015,S08000031,"",75plus years,"",Female,"",Coronary Heart Disease,462,"",854.1477934515335,"",838.2966204310453
228,2015,S08000031,"",75plus years,"",All,d,Coronary Heart Disease,861,"",987.328708216272,"",1050.753530460477
229,2015,S08000031,"",under75 years,"",Male,"",Coronary Heart Disease,471,"",91.09634744262961,"",105.5498393089083
230,2015,S08000031,"",under75 years,"",Female,"",Coronary Heart Disease,133,"",24.740963967483303,"",27.674163728683705
231,2015,S08000031,"",under75 years,"",All,d,Coronary Heart Disease,604,"",57.2726281403938,"",66.612001518796
232,2015,S08000031,"",All Ages,d,Male,"",Coronary Heart Disease,870,"",158.13840200235936,"",209.73929341519832
233,2015,S08000031,"",All Ages,d,Female,"",Coronary Heart Disease,595,"",100.56468337336202,"",100.63018483189624
234,2015,S08000031,"",All Ages,d,All,d,Coronary Heart Disease,1465,"",128.30505951077674,"",155.18473912354727
235,2015,S08000032,"",0-44 years,"",Male,"",Coronary Heart Disease,14,"",7.970350296895549,"",8.46342967963557
236,2015,S08000032,"",0-44 years,"",Female,"",Coronary Heart Disease,2,"",1.1266336187471835,"",1.186157821618889
237,2015,S08000032,"",0-44 years,"",All,d,Coronary Heart Disease,16,"",4.530383298741969,"",4.824793750627229
238,2015,S08000032,"",45-64 years,"",Male,"",Coronary Heart Disease,92,"",100.3052769297863,"",103.74658807611912
239,2015,S08000032,"",45-64 years,"",Female,"",Coronary Heart Disease,21,"",21.50625729676587,"",22.06517421857724
240,2015,S08000032,"",45-64 years,"",All,d,Coronary Heart Disease,113,"",59.67280293188851,"",62.90588114734819
241,2015,S08000032,"",65-74 years,"",Male,"",Coronary Heart Disease,127,"",416.14784717216065,"",429.39953045731306
242,2015,S08000032,"",65-74 years,"",Female,"",Coronary Heart Disease,58,"",168.20370048141058,"",171.82339711488783
243,2015,S08000032,"",65-74 years,"",All,d,Coronary Heart Disease,185,"",284.61538461538464,"",300.6114637861005
244,2015,S08000032,"",75plus years,"",Male,"",Coronary Heart Disease,267,"",1376.3596061652663,"",1540.7375339066384
245,2015,S08000032,"",75plus years,"",Female,"",Coronary Heart Disease,264,"",882.234995321481,"",904.6092034499105
246,2015,S08000032,"",75plus years,"",All,d,Coronary Heart Disease,531,"",1076.5768505565356,"",1222.6733686782745
247,2015,S08000032,"",under75 years,"",Male,"",Coronary Heart Disease,233,"",78.21705400333681,"",84.78027314856335
248,2015,S08000032,"",under75 years,"",Female,"",Coronary Heart Disease,81,"",26.158735079832585,"",26.955223174352074
249,2015,S08000032,"",under75 years,"",All,d,Coronary Heart Disease,314,"",51.68409496047155,"",55.86774816145771
250,2015,S08000032,"",All Ages,d,Male,"",Coronary Heart Disease,500,"",157.58553742971685,"",215.8164266167901
251,2015,S08000032,"",All Ages,d,Female,"",Coronary Heart Disease,345,"",101.59848279599024,"",105.94408139915232
252,2015,S08000032,"",All Ages,d,All,d,Coronary Heart Disease,845,"",128.64232865450782,"",160.88025400797122
253,2015,S92000003,d,0-44 years,"",Male,"",Coronary Heart Disease,80,"",5.590179731266085,"",6.108929770818438
254,2015,S92000003,d,0-44 years,"",Female,"",Coronary Heart Disease,23,"",1.5961559014047562,"",1.7250173578399923
255,2015,S92000003,d,0-44 years,"",All,d,Coronary Heart Disease,103,"",3.586297280368017,"",3.916973564329215
256,2015,S92000003,d,45-64 years,"",Male,"",Coronary Heart Disease,802,"",110.08559772910708,"",111.80914397199643
257,2015,S92000003,d,45-64 years,"",Female,"",Coronary Heart Disease,217,"",28.346263322417194,"",28.834606219441035
258,2015,S92000003,d,45-64 years,"",All,d,Coronary Heart Disease,1019,"",68.20355582149811,"",70.32187509571872
259,2015,S92000003,d,65-74 years,"",Male,"",Coronary Heart Disease,1020,"",391.23930804341984,"",404.6300945370336
260,2015,S92000003,d,65-74 years,"",Female,"",Coronary Heart Disease,424,"",147.89184362530347,"",151.97424418469026
261,2015,S92000003,d,65-74 years,"",All,d,Coronary Heart Disease,1444,"",263.78958213830316,"",278.30216936086197
262,2015,S92000003,d,75plus years,"",Male,"",Coronary Heart Disease,2266,"",1284.4130300471027,"",1409.6696144580337
263,2015,S92000003,d,75plus years,"",Female,"",Coronary Heart Disease,2310,"",886.1745265104288,"",865.6968345092292
264,2015,S92000003,d,75plus years,"",All,d,Coronary Heart Disease,4576,"",1046.914393700211,"",1137.6832244836316
265,2015,S92000003,d,under75 years,"",Male,"",Coronary Heart Disease,1902,"",78.5848123074889,"",82.87297269803246
266,2015,S92000003,d,under75 years,"",Female,"",Coronary Heart Disease,664,"",26.632536376073876,"",26.956017209646102
267,2015,S92000003,d,under75 years,"",All,d,Coronary Heart Disease,2566,"",52.22340218980092,"",54.91449495383928
268,2015,S92000003,d,All Ages,d,Male,"",Coronary Heart Disease,4168,"",160.5090694556016,"",202.28467045643256
269,2015,S92000003,d,All Ages,d,Female,"",Coronary Heart Disease,2974,"",107.99379199102934,"",102.44269076660856
270,2015,S92000003,d,All Ages,d,All,d,Coronary Heart Disease,7142,"",133.4803573431017,"",152.36368061152058
271,2016,S08000015,"",0-44 years,"",Male,"",Coronary Heart Disease,1,"",1.1233935472274648,"",1.217865742480549
272,2016,S08000015,"",0-44 years,"",Female,"",Coronary Heart Disease,3,"",3.3049475064171063,"",3.448312441827444
273,2016,S08000015,"",0-44 years,"",All,d,Coronary Heart Disease,4,"",2.224830217644016,"",2.3330890921539966
274,2016,S08000015,"",45-64 years,"",Male,"",Coronary Heart Disease,65,"",124.14056531703591,"",123.01617489855906
275,2016,S08000015,"",45-64 years,"",Female,"",Coronary Heart Disease,19,"",33.23595780782619,"",32.908311598314455
276,2016,S08000015,"",45-64 years,"",All,d,Coronary Heart Disease,84,"",76.69341806129995,"",77.96224324843675
277,2016,S08000015,"",65-74 years,"",Male,"",Coronary Heart Disease,97,"",448.0369515011547,"",452.37411651958723
278,2016,S08000015,"",65-74 years,"",Female,"",Coronary Heart Disease,42,"",175.71751317881348,"",176.45218108307594
279,2016,S08000015,"",65-74 years,"",All,d,Coronary Heart Disease,139,"",305.1457674745346,"",314.41314880133154
280,2016,S08000015,"",75plus years,"",Male,"",Coronary Heart Disease,191,"",1318.241424528953,"",1415.3693564552284
281,2016,S08000015,"",75plus years,"",Female,"",Coronary Heart Disease,170,"",834.4377362195062,"",814.3022041269295
282,2016,S08000015,"",75plus years,"",All,d,Coronary Heart Disease,361,"",1035.5114451264988,"",1114.8357802910787
283,2016,S08000015,"",under75 years,"",Male,"",Coronary Heart Disease,163,"",99.9840516236674,"",88.74309459737836
284,2016,S08000015,"",under75 years,"",Female,"",Coronary Heart Disease,64,"",37.24351439112674,"",31.989308028421014
285,2016,S08000015,"",under75 years,"",All,d,Coronary Heart Disease,227,"",67.78790448773846,"",60.36620131289968
286,2016,S08000015,"",All Ages,d,Male,"",Coronary Heart Disease,354,"",199.41976734360475,"",208.13945816458485
287,2016,S08000015,"",All Ages,d,Female,"",Coronary Heart Disease,234,"",121.73867804281663,"",102.39746867728677
288,2016,S08000015,"",All Ages,d,All,d,Coronary Heart Disease,588,"",159.03497146566414,"",155.2684634209358
289,2016,S08000016,"",0-44 years,"",Male,"",Coronary Heart Disease,0,"",0,"",0
290,2016,S08000016,"",0-44 years,"",Female,"",Coronary Heart Disease,0,"",0,"",0
291,2016,S08000016,"",0-44 years,"",All,d,Coronary Heart Disease,0,"",0,"",0
292,2016,S08000016,"",45-64 years,"",Male,"",Coronary Heart Disease,21,"",120.24736601007788,"",117.63336542801443
293,2016,S08000016,"",45-64 years,"",Female,"",Coronary Heart Disease,6,"",32.75824415811312,"",32.13513788331981
294,2016,S08000016,"",45-64 years,"",All,d,Coronary Heart Disease,27,"",75.46115148127446,"",74.88425165566711
295,2016,S08000016,"",65-74 years,"",Male,"",Coronary Heart Disease,13,"",171.52658662092625,"",170.0679787873849
296,2016,S08000016,"",65-74 years,"",Female,"",Coronary Heart Disease,6,"",75.31065645788878,"",76.03720762194577
297,2016,S08000016,"",65-74 years,"",All,d,Coronary Heart Disease,19,"",122.21793387366526,"",123.05259320466533
298,2016,S08000016,"",75plus years,"",Male,"",Coronary Heart Disease,49,"",956.2841530054645,"",1077.8783895377132
299,2016,S08000016,"",75plus years,"",Female,"",Coronary Heart Disease,48,"",698.7916727325667,"",678.7816820836065
300,2016,S08000016,"",75plus years,"",All,d,Coronary Heart Disease,97,"",808.8051363295256,"",878.3300358106598
301,2016,S08000016,"",under75 years,"",Male,"",Coronary Heart Disease,34,"",66.98055593861429,"",53.87909847373542
302,2016,S08000016,"",under75 years,"",Female,"",Coronary Heart Disease,12,"",22.76780632186089,"",18.13155861470775
303,2016,S08000016,"",under75 years,"",All,d,Coronary Heart Disease,46,"",44.45861965650884,"",36.00532854422159
304,2016,S08000016,"",All Ages,d,Male,"",Coronary Heart Disease,83,"",148.51928066565267,"",146.03903466949342
305,2016,S08000016,"",All Ages,d,Female,"",Coronary Heart Disease,60,"",100.71338648762064,"",77.59006972690864
306,2016,S08000016,"",All Ages,d,All,d,Coronary Heart Disease,143,"",123.85241642127143,"",111.81455219820103
307,2016,S08000017,"",0-44 years,"",Male,"",Coronary Heart Disease,0,"",0,"",0
308,2016,S08000017,"",0-44 years,"",Female,"",Coronary Heart Disease,0,"",0,"",0
309,2016,S08000017,"",0-44 years,"",All,d,Coronary Heart Disease,0,"",0,"",0
310,2016,S08000017,"",45-64 years,"",Male,"",Coronary Heart Disease,30,"",137.53266400770184,"",133.473783757425
311,2016,S08000017,"",45-64 years,"",Female,"",Coronary Heart Disease,5,"",21.365695239723102,"",20.736499647583074
312,2016,S08000017,"",45-64 years,"",All,d,Coronary Heart Disease,35,"",77.40793984297247,"",77.10514170250406
313,2016,S08000017,"",65-74 years,"",Male,"",Coronary Heart Disease,42,"",419.4966040751098,"",429.6870211227029
314,2016,S08000017,"",65-74 years,"",Female,"",Coronary Heart Disease,21,"",200.28612303290413,"",203.90298492078242
315,2016,S08000017,"",65-74 years,"",All,d,Coronary Heart Disease,63,"",307.3620529833634,"",316.7950030217427
316,2016,S08000017,"",75plus years,"",Male,"",Coronary Heart Disease,88,"",1231.1135982092894,"",1336.900614044696
317,2016,S08000017,"",75plus years,"",Female,"",Coronary Heart Disease,77,"",830.995035614073,"",793.9223585805603
318,2016,S08000017,"",75plus years,"",All,d,Coronary Heart Disease,165,"",1005.2394297550873,"",1065.411486312628
319,2016,S08000017,"",under75 years,"",Male,"",Coronary Heart Disease,72,"",111.22783167521473,"",88.44801089406751
320,2016,S08000017,"",under75 years,"",Female,"",Coronary Heart Disease,26,"",38.66515971685206,"",29.565918487133704
321,2016,S08000017,"",under75 years,"",All,d,Coronary Heart Disease,98,"",74.25592531975511,"",59.006964690600604
322,2016,S08000017,"",All Ages,d,Male,"",Coronary Heart Disease,160,"",222.59321090706734,"",200.8087451776241
323,2016,S08000017,"",All Ages,d,Female,"",Coronary Heart Disease,103,"",134.62292510782902,"",98.35799809554209
324,2016,S08000017,"",All Ages,d,All,d,Coronary Heart Disease,263,"",177.2356627805108,"",149.58337163658308
325,2016,S08000019,"",0-44 years,"",Male,"",Coronary Heart Disease,4,"",5.0554200422127575,"",5.480430829596286
326,2016,S08000019,"",0-44 years,"",Female,"",Coronary Heart Disease,3,"",3.765249259500979,"",3.7178670065859354
327,2016,S08000019,"",0-44 years,"",All,d,Coronary Heart Disease,7,"",4.408088212142394,"",4.599148918091111
328,2016,S08000019,"",45-64 years,"",Male,"",Coronary Heart Disease,39,"",91.85548071034906,"",96.1927967949882
329,2016,S08000019,"",45-64 years,"",Female,"",Coronary Heart Disease,13,"",29.36194240542067,"",29.93631161002875
330,2016,S08000019,"",45-64 years,"",All,d,Coronary Heart Disease,52,"",59.9541120450117,"",63.06455420250848
331,2016,S08000019,"",65-74 years,"",Male,"",Coronary Heart Disease,57,"",370.8281829419036,"",385.78371145174253
332,2016,S08000019,"",65-74 years,"",Female,"",Coronary Heart Disease,29,"",172.02515126349508,"",177.5640891515074
333,2016,S08000019,"",65-74 years,"",All,d,Coronary Heart Disease,86,"",266.8404232213224,"",281.67390030162494
334,2016,S08000019,"",75plus years,"",Male,"",Coronary Heart Disease,100,"",1005.9350165979278,"",1026.725618374699
335,2016,S08000019,"",75plus years,"",Female,"",Coronary Heart Disease,125,"",886.6505887359909,"",883.4969904997797
336,2016,S08000019,"",75plus years,"",All,d,Coronary Heart Disease,225,"",935.9790340696369,"",955.1113044372393
337,2016,S08000019,"",under75 years,"",Male,"",Coronary Heart Disease,100,"",73.01828377825807,"",75.77781703416134
338,2016,S08000019,"",under75 years,"",Female,"",Coronary Heart Disease,45,"",31.958184491048158,"",31.412088045189346
339,2016,S08000019,"",under75 years,"",All,d,Coronary Heart Disease,145,"",52.20315307044545,"",53.594952539675354
340,2016,S08000019,"",All Ages,d,Male,"",Coronary Heart Disease,200,"",136.1535267167258,"",161.36311915480974
341,2016,S08000019,"",All Ages,d,Female,"",Coronary Heart Disease,170,"",109.74326531402713,"",108.0997292661025
342,2016,S08000019,"",All Ages,d,All,d,Coronary Heart Disease,370,"",122.59774685222,"",134.7314242104561
343,2016,S08000020,"",0-44 years,"",Male,"",Coronary Heart Disease,4,"",2.4604936980605157,"",2.642378389223871
344,2016,S08000020,"",0-44 years,"",Female,"",Coronary Heart Disease,0,"",0,"",0
345,2016,S08000020,"",0-44 years,"",All,d,Coronary Heart Disease,4,"",1.2419004803050109,"",1.3211891946119354
346,2016,S08000020,"",45-64 years,"",Male,"",Coronary Heart Disease,86,"",108.75063227111785,"",109.23081924215357
347,2016,S08000020,"",45-64 years,"",Female,"",Coronary Heart Disease,15,"",18.777932174108987,"",19.158040676440788
348,2016,S08000020,"",45-64 years,"",All,d,Coronary Heart Disease,101,"",63.53759727228692,"",64.19442995929718
349,2016,S08000020,"",65-74 years,"",Male,"",Coronary Heart Disease,80,"",283.4467120181406,"",294.07820101183097
350,2016,S08000020,"",65-74 years,"",Female,"",Coronary Heart Disease,40,"",134.5668629100084,"",139.97790310141144
351,2016,S08000020,"",65-74 years,"",All,d,Coronary Heart Disease,120,"",207.07863811282334,"",217.0280520566212
352,2016,S08000020,"",75plus years,"",Male,"",Coronary Heart Disease,196,"",1048.4647480475019,"",1163.9321622118748
353,2016,S08000020,"",75plus years,"",Female,"",Coronary Heart Disease,223,"",850.5282428773027,"",811.5345249858306
354,2016,S08000020,"",75plus years,"",All,d,Coronary Heart Disease,419,"",932.9147462872666,"",987.7333435988527
355,2016,S08000020,"",under75 years,"",Male,"",Coronary Heart Disease,170,"",62.992592812174614,"",67.30907970944378
356,2016,S08000020,"",under75 years,"",Female,"",Coronary Heart Disease,55,"",20.43667603038005,"",21.730286379016494
357,2016,S08000020,"",under75 years,"",All,d,Coronary Heart Disease,225,"",41.74420265789976,"",44.519683044230135
358,2016,S08000020,"",All Ages,d,Male,"",Coronary Heart Disease,366,"",126.8336296250091,"",166.00515713466257
359,2016,S08000020,"",All Ages,d,Female,"",Coronary Heart Disease,278,"",94.12784457393607,"",92.81266785362975
360,2016,S08000020,"",All Ages,d,All,d,Coronary Heart Disease,644,"",110.29096949872411,"",129.40891249414616
361,2016,S08000022,"",0-44 years,"",Male,"",Coronary Heart Disease,5,"",6.386511687316388,"",6.920962607027743
362,2016,S08000022,"",0-44 years,"",Female,"",Coronary Heart Disease,0,"",0,"",0
363,2016,S08000022,"",0-44 years,"",All,d,Coronary Heart Disease,5,"",3.25000325000325,"",3.4604813035138715
364,2016,S08000022,"",45-64 years,"",Male,"",Coronary Heart Disease,39,"",82.13984835720302,"",80.27613312487507
365,2016,S08000022,"",45-64 years,"",Female,"",Coronary Heart Disease,14,"",28.11188530350796,"",27.280517086473875
366,2016,S08000022,"",45-64 years,"",All,d,Coronary Heart Disease,53,"",54.48134784798676,"",53.778325105674476
367,2016,S08000022,"",65-74 years,"",Male,"",Coronary Heart Disease,62,"",308.50375677961887,"",314.8108535342606
368,2016,S08000022,"",65-74 years,"",Female,"",Coronary Heart Disease,23,"",110.41236618501273,"",112.75279081711903
369,2016,S08000022,"",65-74 years,"",All,d,Coronary Heart Disease,85,"",207.6817826426896,"",213.7818221756898
370,2016,S08000022,"",75plus years,"",Male,"",Coronary Heart Disease,155,"",1217.8832403551505,"",1370.05541664444
371,2016,S08000022,"",75plus years,"",Female,"",Coronary Heart Disease,121,"",671.5506715506716,"",647.7671962195226
372,2016,S08000022,"",75plus years,"",All,d,Coronary Heart Disease,276,"",897.7069442185721,"",1008.9113064319814
373,2016,S08000022,"",under75 years,"",Male,"",Coronary Heart Disease,106,"",72.6689381422803,"",63.808389787894775
374,2016,S08000022,"",under75 years,"",Female,"",Coronary Heart Disease,37,"",25.309874955536703,"",20.954263806278107
375,2016,S08000022,"",under75 years,"",All,d,Coronary Heart Disease,143,"",48.96338018523909,"",42.38132679708643
376,2016,S08000022,"",All Ages,d,Male,"",Coronary Heart Disease,261,"",164.57116914889593,"",181.37062220498385
377,2016,S08000022,"",All Ages,d,Female,"",Coronary Heart Disease,158,"",96.22060095246215,"",77.3674277234701
378,2016,S08000022,"",All Ages,d,All,d,Coronary Heart Disease,419,"",129.80173482032217,"",129.36902496422698
379,2016,S08000024,"",0-44 years,"",Male,"",Coronary Heart Disease,13,"",5.236614407940318,"",5.610225688529168
380,2016,S08000024,"",0-44 years,"",Female,"",Coronary Heart Disease,0,"",0,"",0
381,2016,S08000024,"",0-44 years,"",All,d,Coronary Heart Disease,13,"",2.5889709836098223,"",2.805112844264584
382,2016,S08000024,"",45-64 years,"",Male,"",Coronary Heart Disease,113,"",102.11827646038171,"",103.56538015487237
383,2016,S08000024,"",45-64 years,"",Female,"",Coronary Heart Disease,37,"",32.238951624146104,"",33.47005513227902
384,2016,S08000024,"",45-64 years,"",All,d,Coronary Heart Disease,150,"",66.54127333380652,"",68.5177176435757
385,2016,S08000024,"",65-74 years,"",Male,"",Coronary Heart Disease,96,"",258.66249932639977,"",268.889520962917
386,2016,S08000024,"",65-74 years,"",Female,"",Coronary Heart Disease,64,"",154.0349948253869,"",159.62893421084323
387,2016,S08000024,"",65-74 years,"",All,d,Coronary Heart Disease,160,"",203.39931098483405,"",214.25922758688014
388,2016,S08000024,"",75plus years,"",Male,"",Coronary Heart Disease,306,"",1202.9720485906357,"",1268.8171599592924
389,2016,S08000024,"",75plus years,"",Female,"",Coronary Heart Disease,269,"",717.0274016419661,"",678.6268776347378
390,2016,S08000024,"",75plus years,"",All,d,Coronary Heart Disease,575,"",913.3798230425873,"",973.7220187970152
391,2016,S08000024,"",under75 years,"",Male,"",Coronary Heart Disease,222,"",56.05749175550853,"",64.51400803731123
392,2016,S08000024,"",under75 years,"",Female,"",Coronary Heart Disease,101,"",24.622435670839476,"",28.165497474936792
393,2016,S08000024,"",under75 years,"",All,d,Coronary Heart Disease,323,"",40.06365531860529,"",46.33975275612401
394,2016,S08000024,"",All Ages,d,Male,"",Coronary Heart Disease,528,"",125.27909001824615,"",172.90129171028954
395,2016,S08000024,"",All Ages,d,Female,"",Coronary Heart Disease,370,"",82.64259756852077,"",86.70702168931888
396,2016,S08000024,"",All Ages,d,All,d,Coronary Heart Disease,898,"",103.31695755720976,"",129.8041566998042
397,2016,S08000025,"",0-44 years,"",Male,"",Coronary Heart Disease,0,"",0,"",0
398,2016,S08000025,"",0-44 years,"",Female,"",Coronary Heart Disease,0,"",0,"",0
399,2016,S08000025,"",0-44 years,"",All,d,Coronary Heart Disease,0,"",0,"",0
400,2016,S08000025,"",45-64 years,"",Male,"",Coronary Heart Disease,1,"",30.202355783751134,"",28.5544841522613
401,2016,S08000025,"",45-64 years,"",Female,"",Coronary Heart Disease,0,"",0,"",0
402,2016,S08000025,"",45-64 years,"",All,d,Coronary Heart Disease,1,"",15.158405335758678,"",14.27724207613065
403,2016,S08000025,"",65-74 years,"",Male,"",Coronary Heart Disease,2,"",146.41288433382138,"",135.87795688963007
404,2016,S08000025,"",65-74 years,"",Female,"",Coronary Heart Disease,3,"",211.2676056338028,"",209.57688814061726
405,2016,S08000025,"",65-74 years,"",All,d,Coronary Heart Disease,5,"",179.46877243359654,"",172.7274225151237
406,2016,S08000025,"",75plus years,"",Male,"",Coronary Heart Disease,16,"",1687.7637130801686,"",1959.5874168587814
407,2016,S08000025,"",75plus years,"",Female,"",Coronary Heart Disease,9,"",762.7118644067797,"",736.3820641906561
408,2016,S08000025,"",75plus years,"",All,d,Coronary Heart Disease,25,"",1174.812030075188,"",1347.9847405247185
409,2016,S08000025,"",under75 years,"",Male,"",Coronary Heart Disease,3,"",30.72511265874642,"",23.99354260852791
410,2016,S08000025,"",under75 years,"",Female,"",Coronary Heart Disease,3,"",30.775543701272056,"",24.181948631609686
411,2016,S08000025,"",under75 years,"",All,d,Coronary Heart Disease,6,"",30.75030750307503,"",24.0877456200688
412,2016,S08000025,"",All Ages,d,Male,"",Coronary Heart Disease,19,"",177.3711725168036,"",198.1969912910507
413,2016,S08000025,"",All Ages,d,Female,"",Coronary Heart Disease,12,"",109.80966325036603,"",88.27995903192387
414,2016,S08000025,"",All Ages,d,All,d,Coronary Heart Disease,31,"",143.2532347504621,"",143.2384751614873
415,2016,S08000026,"",0-44 years,"",Male,"",Coronary Heart Disease,0,"",0,"",0
416,2016,S08000026,"",0-44 years,"",Female,"",Coronary Heart Disease,0,"",0,"",0
417,2016,S08000026,"",0-44 years,"",All,d,Coronary Heart Disease,0,"",0,"",0
418,2016,S08000026,"",45-64 years,"",Male,"",Coronary Heart Disease,4,"",119.8681450404555,"",116.66417075493389
419,2016,S08000026,"",45-64 years,"",Female,"",Coronary Heart Disease,0,"",0,"",0
420,2016,S08000026,"",45-64 years,"",All,d,Coronary Heart Disease,4,"",60.88280060882801,"",58.332085377466946
421,2016,S08000026,"",65-74 years,"",Male,"",Coronary Heart Disease,5,"",378.5011355034065,"",413.719026630616
422,2016,S08000026,"",65-74 years,"",Female,"",Coronary Heart Disease,0,"",0,"",0
423,2016,S08000026,"",65-74 years,"",All,d,Coronary Heart Disease,5,"",192.52984212552946,"",206.859513315308
424,2016,S08000026,"",75plus years,"",Male,"",Coronary Heart Disease,14,"",1765.4476670870115,"",2010.4236510497558
425,2016,S08000026,"",75plus years,"",Female,"",Coronary Heart Disease,8,"",764.087870105062,"",731.8026765089846
426,2016,S08000026,"",75plus years,"",All,d,Coronary Heart Disease,22,"",1195.6521739130435,"",1371.1131637793703
427,2016,S08000026,"",under75 years,"",Male,"",Coronary Heart Disease,9,"",82.06437494301085,"",81.71044290799138
428,2016,S08000026,"",under75 years,"",Female,"",Coronary Heart Disease,0,"",0,"",0
429,2016,S08000026,"",under75 years,"",All,d,Coronary Heart Disease,9,"",42.05607476635514,"",40.85522145399569
430,2016,S08000026,"",All Ages,d,Male,"",Coronary Heart Disease,23,"",195.57823129251702,"",255.29463164075023
431,2016,S08000026,"",All Ages,d,Female,"",Coronary Heart Disease,8,"",69.68641114982579,"",65.86224088580862
432,2016,S08000026,"",All Ages,d,All,d,Coronary Heart Disease,31,"",133.39070567986232,"",160.5784362632794
433,2016,S08000028,"",0-44 years,"",Male,"",Coronary Heart Disease,0,"",0,"",0
434,2016,S08000028,"",0-44 years,"",Female,"",Coronary Heart Disease,0,"",0,"",0
435,2016,S08000028,"",0-44 years,"",All,d,Coronary Heart Disease,0,"",0,"",0
436,2016,S08000028,"",45-64 years,"",Male,"",Coronary Heart Disease,5,"",121.80267965895248,"",116.81964664250785
437,2016,S08000028,"",45-64 years,"",Female,"",Coronary Heart Disease,1,"",24.783147459727388,"",24.71009760488554
438,2016,S08000028,"",45-64 years,"",All,d,Coronary Heart Disease,6,"",73.71007371007371,"",70.76487212369669
439,2016,S08000028,"",65-74 years,"",Male,"",Coronary Heart Disease,6,"",336.51149747616375,"",371.9717526045426
440,2016,S08000028,"",65-74 years,"",Female,"",Coronary Heart Disease,1,"",55.80357142857142,"",60.43026347594875
441,2016,S08000028,"",65-74 years,"",All,d,Coronary Heart Disease,7,"",195.8041958041958,"",216.2010080402457
442,2016,S08000028,"",75plus years,"",Male,"",Coronary Heart Disease,18,"",1505.0167224080267,"",1896.5364309532981
443,2016,S08000028,"",75plus years,"",Female,"",Coronary Heart Disease,15,"",825.536598789213,"",767.1226344574909
444,2016,S08000028,"",75plus years,"",All,d,Coronary Heart Disease,33,"",1095.2538997676734,"",1331.8295327053943
445,2016,S08000028,"",under75 years,"",Male,"",Coronary Heart Disease,11,"",91.97324414715719,"",76.93872569641928
446,2016,S08000028,"",under75 years,"",Female,"",Coronary Heart Disease,2,"",17.054660185895795,"",14.168520362933283
447,2016,S08000028,"",under75 years,"",All,d,Coronary Heart Disease,13,"",54.88242495883818,"",45.55362302967628
448,2016,S08000028,"",All Ages,d,Male,"",Coronary Heart Disease,29,"",220.4317421708726,"",240.70251916953836
449,2016,S08000028,"",All Ages,d,Female,"",Coronary Heart Disease,17,"",125.51683402244537,"",81.93439063144346
450,2016,S08000028,"",All Ages,d,All,d,Coronary Heart Disease,46,"",172.28464419475654,"",161.3184549004909
451,2016,S08000029,"",0-44 years,"",Male,"",Coronary Heart Disease,8,"",8.462116163699639,"",9.51644566259074
452,2016,S08000029,"",0-44 years,"",Female,"",Coronary Heart Disease,3,"",3.1274107124241604,"",3.546961773886254
453,2016,S08000029,"",0-44 years,"",All,d,Coronary Heart Disease,11,"",5.775339301183944,"",6.5317037182384965
454,2016,S08000029,"",45-64 years,"",Male,"",Coronary Heart Disease,56,"",109.72861761536201,"",109.93459318474241
455,2016,S08000029,"",45-64 years,"",Female,"",Coronary Heart Disease,25,"",46.6165693934252,"",46.88865164470586
456,2016,S08000029,"",45-64 years,"",All,d,Coronary Heart Disease,81,"",77.39050676450356,"",78.41162241472414
457,2016,S08000029,"",65-74 years,"",Male,"",Coronary Heart Disease,79,"",392.05955334987596,"",392.1806358093645
458,2016,S08000029,"",65-74 years,"",Female,"",Coronary Heart Disease,33,"",149.68022860253095,"",153.21859709428472
459,2016,S08000029,"",65-74 years,"",All,d,Coronary Heart Disease,112,"",265.4217124440126,"",272.6996164518246
460,2016,S08000029,"",75plus years,"",Male,"",Coronary Heart Disease,148,"",1133.14447592068,"",1222.7656541674914
461,2016,S08000029,"",75plus years,"",Female,"",Coronary Heart Disease,146,"",791.6282600444613,"",765.1851935868814
462,2016,S08000029,"",75plus years,"",All,d,Coronary Heart Disease,294,"",933.2148298628745,"",993.9754238771864
463,2016,S08000029,"",under75 years,"",Male,"",Coronary Heart Disease,143,"",86.28804518355821,"",82.91265341949342
464,2016,S08000029,"",under75 years,"",Female,"",Coronary Heart Disease,61,"",35.54737124275941,"",33.43824696554453
465,2016,S08000029,"",under75 years,"",All,d,Coronary Heart Disease,204,"",60.47562298785151,"",58.17545019251897
466,2016,S08000029,"",All Ages,d,Male,"",Coronary Heart Disease,291,"",162.76533266213607,"",185.49942348681324
467,2016,S08000029,"",All Ages,d,Female,"",Coronary Heart Disease,207,"",108.92157120681942,"",99.29547216146483
468,2016,S08000029,"",All Ages,d,All,d,Coronary Heart Disease,498,"",135.02155464577177,"",142.39744782413902
469,2016,S08000030,"",0-44 years,"",Male,"",Coronary Heart Disease,7,"",6.5971764084971625,"",8.008516381792125
470,2016,S08000030,"",0-44 years,"",Female,"",Coronary Heart Disease,1,"",0.9451885178498852,"",1.1271161605915105
471,2016,S08000030,"",0-44 years,"",All,d,Coronary Heart Disease,8,"",3.77527665699252,"",4.567816271191817
472,2016,S08000030,"",45-64 years,"",Male,"",Coronary Heart Disease,61,"",109.22308367204425,"",108.26331243819823
473,2016,S08000030,"",45-64 years,"",Female,"",Coronary Heart Disease,17,"",28.975626384864498,"",28.663962395545944
474,2016,S08000030,"",45-64 years,"",All,d,Coronary Heart Disease,78,"",68.11096848557881,"",68.46363741687209
475,2016,S08000030,"",65-74 years,"",Male,"",Coronary Heart Disease,68,"",303.2194773923125,"",315.45925027624924
476,2016,S08000030,"",65-74 years,"",Female,"",Coronary Heart Disease,35,"",142.96217629278655,"",145.4666015497475
477,2016,S08000030,"",65-74 years,"",All,d,Coronary Heart Disease,103,"",219.57874989340834,"",230.46292591299843
478,2016,S08000030,"",75plus years,"",Male,"",Coronary Heart Disease,181,"",1105.816226783969,"",1205.5929128251325
479,2016,S08000030,"",75plus years,"",Female,"",Coronary Heart Disease,182,"",786.5168539325844,"",725.5541863513582
480,2016,S08000030,"",75plus years,"",All,d,Coronary Heart Disease,363,"",918.8012554419358,"",965.5735495882456
481,2016,S08000030,"",under75 years,"",Male,"",Coronary Heart Disease,136,"",73.76031152884516,"",72.67867903439172
482,2016,S08000030,"",under75 years,"",Female,"",Coronary Heart Disease,53,"",28.04960016088827,"",25.80064387281602
483,2016,S08000030,"",under75 years,"",All,d,Coronary Heart Disease,189,"",50.62518080421716,"",49.239661453603865
484,2016,S08000030,"",All Ages,d,Male,"",Coronary Heart Disease,317,"",157.90863217251393,"",174.64096007555838
485,2016,S08000030,"",All Ages,d,Female,"",Coronary Heart Disease,235,"",110.80149558444253,"",88.77846269588483
486,2016,S08000030,"",All Ages,d,All,d,Coronary Heart Disease,552,"",133.70797403352387,"",131.70971138572162
487,2016,S08000031,"",0-44 years,"",Male,"",Coronary Heart Disease,15,"",4.676597681654643,"",5.356037522984595
488,2016,S08000031,"",0-44 years,"",Female,"",Coronary Heart Disease,6,"",1.8526409396594847,"",2.010772458916102
489,2016,S08000031,"",0-44 years,"",All,d,Coronary Heart Disease,21,"",3.257793884034948,"",3.683404990950348
490,2016,S08000031,"",45-64 years,"",Male,"",Coronary Heart Disease,188,"",123.97293697163131,"",126.01781960402919
491,2016,S08000031,"",45-64 years,"",Female,"",Coronary Heart Disease,51,"",31.312740601573005,"",32.08475648047726
492,2016,S08000031,"",45-64 years,"",All,d,Coronary Heart Disease,239,"",75.98904994610818,"",79.05128804225322
493,2016,S08000031,"",65-74 years,"",Male,"",Coronary Heart Disease,218,"",447.7121498398094,"",454.7630290289652
494,2016,S08000031,"",65-74 years,"",Female,"",Coronary Heart Disease,106,"",192.6012064830293,"",196.4867522201409
495,2016,S08000031,"",65-74 years,"",All,d,Coronary Heart Disease,324,"",312.35539102267467,"",325.6248906245531
496,2016,S08000031,"",75plus years,"",Male,"",Coronary Heart Disease,403,"",1204.8552977756517,"",1280.4858442874504
497,2016,S08000031,"",75plus years,"",Female,"",Coronary Heart Disease,432,"",800.0444469137174,"",774.7870061483903
498,2016,S08000031,"",75plus years,"",All,d,Coronary Heart Disease,835,"",954.8859282977871,"",1027.6364252179203
499,2016,S08000031,"",under75 years,"",Male,"",Coronary Heart Disease,421,"",80.79311588918485,"",92.34846209397887
500,2016,S08000031,"",under75 years,"",Female,"",Coronary Heart Disease,163,"",30.086512567117843,"",33.20811711896259
501,2016,S08000031,"",under75 years,"",All,d,Coronary Heart Disease,584,"",54.94634733806587,"",62.778289606470736
502,2016,S08000031,"",All Ages,d,Male,"",Coronary Heart Disease,824,"",148.59376916030092,"",199.28082649139134
503,2016,S08000031,"",All Ages,d,Female,"",Coronary Heart Disease,595,"",99.87109076016168,"",99.9502171316111
504,2016,S08000031,"",All Ages,d,All,d,Coronary Heart Disease,1419,"",123.35912370685907,"",149.6155218115012
505,2016,S08000032,"",0-44 years,"",Male,"",Coronary Heart Disease,9,"",5.148682509353439,"",5.558039786983797
506,2016,S08000032,"",0-44 years,"",Female,"",Coronary Heart Disease,3,"",1.7011528145573316,"",1.782946957976827
507,2016,S08000032,"",0-44 years,"",All,d,Coronary Heart Disease,12,"",3.4173138204714184,"",3.6704933724803124
508,2016,S08000032,"",45-64 years,"",Male,"",Coronary Heart Disease,116,"",124.99865303175612,"",127.0224039424929
509,2016,S08000032,"",45-64 years,"",Female,"",Coronary Heart Disease,26,"",26.31978539251911,"",27.217647398900784
510,2016,S08000032,"",45-64 years,"",All,d,Coronary Heart Disease,142,"",74.118150595555,"",77.12002567069683
511,2016,S08000032,"",65-74 years,"",Male,"",Coronary Heart Disease,123,"",394.8382126348228,"",407.97005549876246
512,2016,S08000032,"",65-74 years,"",Female,"",Coronary Heart Disease,63,"",180.22657054582905,"",183.77930627241713
513,2016,S08000032,"",65-74 years,"",All,d,Coronary Heart Disease,186,"",281.3577781811581,"",295.8746808855898
514,2016,S08000032,"",75plus years,"",Male,"",Coronary Heart Disease,214,"",1082.941146703102,"",1169.5274437753912
515,2016,S08000032,"",75plus years,"",Female,"",Coronary Heart Disease,241,"",798.4891657279173,"",810.0570359642157
516,2016,S08000032,"",75plus years,"",All,d,Coronary Heart Disease,455,"",911.0385839857438,"",989.7922398698034
517,2016,S08000032,"",under75 years,"",Male,"",Coronary Heart Disease,248,"",83.01116299308798,"",87.3616861067054
518,2016,S08000032,"",under75 years,"",Female,"",Coronary Heart Disease,92,"",29.668614475703986,"",30.189335249032954
519,2016,S08000032,"",under75 years,"",All,d,Coronary Heart Disease,340,"",55.843257829963854,"",58.77551067786919
520,2016,S08000032,"",All Ages,d,Male,"",Coronary Heart Disease,462,"",145.04765851636967,"",184.75660429688716
521,2016,S08000032,"",All Ages,d,Female,"",Coronary Heart Disease,333,"",97.8623109611666,"",100.37742831339942
522,2016,S08000032,"",All Ages,d,All,d,Coronary Heart Disease,795,"",120.67578439259854,"",142.56701630514328
523,2016,S92000003,d,0-44 years,"",Male,"",Coronary Heart Disease,66,"",4.616882680813914,"",5.0993290447170265
524,2016,S92000003,d,0-44 years,"",Female,"",Coronary Heart Disease,19,"",1.3212933375521998,"",1.4267753904070328
525,2016,S92000003,d,0-44 years,"",All,d,Coronary Heart Disease,85,"",2.964232868739235,"",3.26305221756203
526,2016,S92000003,d,45-64 years,"",Male,"",Coronary Heart Disease,824,"",112.35418839779382,"",113.05592207718543
527,2016,S92000003,d,45-64 years,"",Female,"",Coronary Heart Disease,229,"",29.65856387794141,"",30.138184278754387
528,2016,S92000003,d,45-64 years,"",All,d,Coronary Heart Disease,1053,"",69.94279702108778,"",71.59705317796991
529,2016,S92000003,d,65-74 years,"",Male,"",Coronary Heart Disease,948,"",355.13997684846987,"",363.7391110932575
530,2016,S92000003,d,65-74 years,"",Female,"",Coronary Heart Disease,466,"",159.41106846465934,"",163.0452487843481
531,2016,S92000003,d,65-74 years,"",All,d,Coronary Heart Disease,1414,"",252.8327459531562,"",263.3921799388028
532,2016,S92000003,d,75plus years,"",Male,"",Coronary Heart Disease,2079,"",1160.5772182990484,"",1256.2849705254641
533,2016,S92000003,d,75plus years,"",Female,"",Coronary Heart Disease,2066,"",788.0533251959645,"",762.6437488668776
534,2016,S92000003,d,75plus years,"",All,d,Coronary Heart Disease,4145,"",939.2703376387944,"",1009.464359696171
535,2016,S92000003,d,under75 years,"",Male,"",Coronary Heart Disease,1838,"",75.64196902877029,"",77.91875131801469
536,2016,S92000003,d,under75 years,"",Female,"",Coronary Heart Disease,714,"",28.53224383319906,"",28.436075458292592
537,2016,S92000003,d,under75 years,"",All,d,Coronary Heart Disease,2552,"",51.740567280984536,"",53.177413388153646
538,2016,S92000003,d,All Ages,d,Male,"",Coronary Heart Disease,3917,"",150.1339783817803,"",183.97171104668516
539,2016,S92000003,d,All Ages,d,Female,"",Coronary Heart Disease,2780,"",100.55715172952875,"",94.51476606506525
540,2016,S92000003,d,All Ages,d,All,d,Coronary Heart Disease,6697,"",124.62781003424146,"",139.2432385558752
541,2017,S08000015,"",0-44 years,"",Male,"",Coronary Heart Disease,8,"",9.086056310833985,"",10.384670281657321
542,2017,S08000015,"",0-44 years,"",Female,"",Coronary Heart Disease,6,"",6.698895798675851,"",7.134271427606783
543,2017,S08000015,"",0-44 years,"",All,d,Coronary Heart Disease,14,"",7.8822615334376795,"",8.759470854632053
544,2017,S08000015,"",45-64 years,"",Male,"",Coronary Heart Disease,52,"",98.95526080420179,"",98.3920296407934
545,2017,S08000015,"",45-64 years,"",Female,"",Coronary Heart Disease,29,"",50.441800598344116,"",49.69759308288373
546,2017,S08000015,"",45-64 years,"",All,d,Coronary Heart Disease,81,"",73.60892758153778,"",74.04481136183855
547,2017,S08000015,"",65-74 years,"",Male,"",Coronary Heart Disease,95,"",429.55326460481103,"",432.0109471615206
548,2017,S08000015,"",65-74 years,"",Female,"",Coronary Heart Disease,34,"",140.7110044282581,"",140.56602386200998
549,2017,S08000015,"",65-74 years,"",All,d,Coronary Heart Disease,129,"",278.7441388102595,"",286.2884855117653
550,2017,S08000015,"",75plus years,"",Male,"",Coronary Heart Disease,175,"",1187.0040018992063,"",1239.624839647153
551,2017,S08000015,"",75plus years,"",Female,"",Coronary Heart Disease,173,"",836.4357201566504,"",822.036822050321
552,2017,S08000015,"",75plus years,"",All,d,Coronary Heart Disease,348,"",982.3293626150285,"",1030.8308308487372
553,2017,S08000015,"",under75 years,"",Male,"",Coronary Heart Disease,155,"",95.26033728305227,"",84.6623728119394
554,2017,S08000015,"",under75 years,"",Female,"",Coronary Heart Disease,69,"",40.29855976451624,"",34.925056311409776
555,2017,S08000015,"",under75 years,"",All,d,Coronary Heart Disease,224,"",67.07912341959788,"",59.7937145616746
556,2017,S08000015,"",All Ages,d,Male,"",Coronary Heart Disease,330,"",185.9626384153729,"",188.60899482710863
557,2017,S08000015,"",All Ages,d,Female,"",Coronary Heart Disease,242,"",126.1040619056304,"",105.76511522791179
558,2017,S08000015,"",All Ages,d,All,d,Coronary Heart Disease,572,"",154.86246480398526,"",147.1870550275102
559,2017,S08000016,"",0-44 years,"",Male,"",Coronary Heart Disease,1,"",3.9117508997027066,"",4.248758755477864
560,2017,S08000016,"",0-44 years,"",Female,"",Coronary Heart Disease,0,"",0,"",0
561,2017,S08000016,"",0-44 years,"",All,d,Coronary Heart Disease,1,"",1.927748004780815,"",2.124379377738932
562,2017,S08000016,"",45-64 years,"",Male,"",Coronary Heart Disease,9,"",51.287896056530656,"",51.35474109771443
563,2017,S08000016,"",45-64 years,"",Female,"",Coronary Heart Disease,7,"",37.87468888648415,"",37.96791029440805
564,2017,S08000016,"",45-64 years,"",All,d,Coronary Heart Disease,16,"",44.40743824590619,"",44.66132569606124
565,2017,S08000016,"",65-74 years,"",Male,"",Coronary Heart Disease,19,"",245.2245740836345,"",246.24306628330092
566,2017,S08000016,"",65-74 years,"",Female,"",Coronary Heart Disease,4,"",49.44375772558715,"",49.372873404325375
567,2017,S08000016,"",65-74 years,"",All,d,Coronary Heart Disease,23,"",145.2203561055689,"",147.80796984381314
568,2017,S08000016,"",75plus years,"",Male,"",Coronary Heart Disease,68,"",1293.02148697471,"",1438.8951902476672
569,2017,S08000016,"",75plus years,"",Female,"",Coronary Heart Disease,44,"",631.3674845745444,"",623.7216307978838
570,2017,S08000016,"",75plus years,"",All,d,Coronary Heart Disease,112,"",915.9306509649984,"",1031.3084105227754
571,2017,S08000016,"",under75 years,"",Male,"",Coronary Heart Disease,29,"",57.01926858041683,"",45.88885503142744
572,2017,S08000016,"",under75 years,"",Female,"",Coronary Heart Disease,11,"",20.80102870541961,"",16.753459269749776
573,2017,S08000016,"",under75 years,"",All,d,Coronary Heart Disease,40,"",38.5571899519963,"",31.32115715058861
574,2017,S08000016,"",All Ages,d,Male,"",Coronary Heart Disease,97,"",172.84698586931341,"",171.259425200889
575,2017,S08000016,"",All Ages,d,Female,"",Coronary Heart Disease,55,"",91.89487226612755,"",71.38059470728184
576,2017,S08000016,"",All Ages,d,All,d,Coronary Heart Disease,152,"",131.0683797533845,"",121.32000995408544
577,2017,S08000017,"",0-44 years,"",Male,"",Coronary Heart Disease,1,"",3.0815691350035435,"",3.879964969459133
578,2017,S08000017,"",0-44 years,"",Female,"",Coronary Heart Disease,0,"",0,"",0
579,2017,S08000017,"",0-44 years,"",All,d,Coronary Heart Disease,1,"",1.5304092314284838,"",1.9399824847295666
580,2017,S08000017,"",45-64 years,"",Male,"",Coronary Heart Disease,21,"",96.4940495336121,"",92.86289564886567
581,2017,S08000017,"",45-64 years,"",Female,"",Coronary Heart Disease,8,"",34.30237543949919,"",33.205968228074404
582,2017,S08000017,"",45-64 years,"",All,d,Coronary Heart Disease,29,"",64.32294554729954,"",63.034431938470036
583,2017,S08000017,"",65-74 years,"",Male,"",Coronary Heart Disease,40,"",396.78603313163376,"",403.62769057255883
584,2017,S08000017,"",65-74 years,"",Female,"",Coronary Heart Disease,18,"",169.95562269851763,"",169.6374918524552
585,2017,S08000017,"",65-74 years,"",All,d,Coronary Heart Disease,58,"",280.57275541795667,"",286.632591212507
586,2017,S08000017,"",75plus years,"",Male,"",Coronary Heart Disease,99,"",1355.9786330639638,"",1480.7012108927624
587,2017,S08000017,"",75plus years,"",Female,"",Coronary Heart Disease,69,"",733.2624867162593,"",710.8573193237576
588,2017,S08000017,"",75plus years,"",All,d,Coronary Heart Disease,168,"",1005.325833283466,"",1095.7792651082598
589,2017,S08000017,"",under75 years,"",Male,"",Coronary Heart Disease,62,"",96.43051559219224,"",75.9173142204132
590,2017,S08000017,"",under75 years,"",Female,"",Coronary Heart Disease,26,"",38.91982516017005,"",29.243426620821438
591,2017,S08000017,"",under75 years,"",All,d,Coronary Heart Disease,88,"",67.12484458310132,"",52.58037042061732
592,2017,S08000017,"",All Ages,d,Male,"",Coronary Heart Disease,161,"",224.87289792725852,"",202.34786492092462
593,2017,S08000017,"",All Ages,d,Female,"",Coronary Heart Disease,95,"",124.64901461673708,"",90.58867696408568
594,2017,S08000017,"",All Ages,d,All,d,Coronary Heart Disease,256,"",173.19531831405183,"",146.46827094250517
595,2017,S08000019,"",0-44 years,"",Male,"",Coronary Heart Disease,8,"",10.170741319907954,"",11.519552341572188
596,2017,S08000019,"",0-44 years,"",Female,"",Coronary Heart Disease,1,"",1.2612567161920138,"",1.302679425481154
597,2017,S08000019,"",0-44 years,"",All,d,Coronary Heart Disease,9,"",5.698258232400296,"",6.411115883526671
598,2017,S08000019,"",45-64 years,"",Male,"",Coronary Heart Disease,50,"",116.93171188026193,"",116.66645074567317
599,2017,S08000019,"",45-64 years,"",Female,"",Coronary Heart Disease,11,"",24.536592982534405,"",25.188335739475963
600,2017,S08000019,"",45-64 years,"",All,d,Coronary Heart Disease,61,"",69.64185818177667,"",70.92739324257457
601,2017,S08000019,"",65-74 years,"",Male,"",Coronary Heart Disease,65,"",415.84031731814986,"",414.4596148259198
602,2017,S08000019,"",65-74 years,"",Female,"",Coronary Heart Disease,24,"",141.02714772593725,"",140.71760072692234
603,2017,S08000019,"",65-74 years,"",All,d,Coronary Heart Disease,89,"",272.5964041777696,"",277.58860777642104
604,2017,S08000019,"",75plus years,"",Male,"",Coronary Heart Disease,88,"",864.8648648648649,"",966.1940507242065
605,2017,S08000019,"",75plus years,"",Female,"",Coronary Heart Disease,99,"",692.6952141057934,"",691.1417607827211
606,2017,S08000019,"",75plus years,"",All,d,Coronary Heart Disease,187,"",764.2947643765071,"",828.6679057534639
607,2017,S08000019,"",under75 years,"",Male,"",Coronary Heart Disease,123,"",89.7495767906135,"",88.63233765799335
608,2017,S08000019,"",under75 years,"",Female,"",Coronary Heart Disease,36,"",25.507492826017646,"",24.344729601151425
609,2017,S08000019,"",under75 years,"",All,d,Coronary Heart Disease,159,"",57.15661992285654,"",56.48853362957239
610,2017,S08000019,"",All Ages,d,Male,"",Coronary Heart Disease,211,"",143.3199975547299,"",167.61289183395252
611,2017,S08000019,"",All Ages,d,Female,"",Coronary Heart Disease,135,"",86.8574958018877,"",84.3564624074927
612,2017,S08000019,"",All Ages,d,All,d,Coronary Heart Disease,346,"",114.32347596233272,"",125.98467712072261
613,2017,S08000020,"",0-44 years,"",Male,"",Coronary Heart Disease,2,"",1.2511494935972425,"",1.3730497789389857
614,2017,S08000020,"",0-44 years,"",Female,"",Coronary Heart Disease,1,"",0.6358613059319501,"",0.7035147597396593
615,2017,S08000020,"",0-44 years,"",All,d,Coronary Heart Disease,3,"",0.9460141271442987,"",1.0382822693393225
616,2017,S08000020,"",45-64 years,"",Male,"",Coronary Heart Disease,66,"",83.34175169209011,"",83.6551596985326
617,2017,S08000020,"",45-64 years,"",Female,"",Coronary Heart Disease,17,"",21.13665468922901,"",21.1738506863006
618,2017,S08000020,"",45-64 years,"",All,d,Coronary Heart Disease,83,"",51.9981706667669,"",52.4145051924166
619,2017,S08000020,"",65-74 years,"",Male,"",Coronary Heart Disease,75,"",260.2088609790792,"",263.2927757859253
620,2017,S08000020,"",65-74 years,"",Female,"",Coronary Heart Disease,41,"",135.79306461762658,"",136.9486411495363
621,2017,S08000020,"",65-74 years,"",All,d,Coronary Heart Disease,116,"",196.55686593466177,"",200.12070846773076
622,2017,S08000020,"",75plus years,"",Male,"",Coronary Heart Disease,232,"",1207.892955693237,"",1296.929784386314
623,2017,S08000020,"",75plus years,"",Female,"",Coronary Heart Disease,220,"",830.0007545461405,"",791.8763613108363
624,2017,S08000020,"",75plus years,"",All,d,Coronary Heart Disease,452,"",988.7778093758888,"",1044.4030728485752
625,2017,S08000020,"",under75 years,"",Male,"",Coronary Heart Disease,143,"",53.384502814819236,"",55.55583039369269
626,2017,S08000020,"",under75 years,"",Female,"",Coronary Heart Disease,59,"",22.024047273310963,"",22.38524804706636
627,2017,S08000020,"",under75 years,"",All,d,Coronary Heart Disease,202,"",37.70366042814186,"",38.97053922037952
628,2017,S08000020,"",All Ages,d,Male,"",Coronary Heart Disease,375,"",130.62788469912044,"",167.2794862530286
629,2017,S08000020,"",All Ages,d,Female,"",Coronary Heart Disease,279,"",94.77063129468911,"",91.63944824080566
630,2017,S08000020,"",All Ages,d,All,d,Coronary Heart Disease,654,"",112.47355839510207,"",129.45946724691714
631,2017,S08000022,"",0-44 years,"",Male,"",Coronary Heart Disease,8,"",10.313531353135314,"",11.430661179218022
632,2017,S08000022,"",0-44 years,"",Female,"",Coronary Heart Disease,1,"",1.3387597729463425,"",1.3521396644375678
633,2017,S08000022,"",0-44 years,"",All,d,Coronary Heart Disease,9,"",5.910786528660747,"",6.391400421827795
634,2017,S08000022,"",45-64 years,"",Male,"",Coronary Heart Disease,56,"",117.76581426648721,"",114.20255955713844
635,2017,S08000022,"",45-64 years,"",Female,"",Coronary Heart Disease,11,"",21.95652607836484,"",21.51247539116385
636,2017,S08000022,"",45-64 years,"",All,d,Coronary Heart Disease,67,"",68.61168856437723,"",67.85751747415115
637,2017,S08000022,"",65-74 years,"",Male,"",Coronary Heart Disease,76,"",372.25705329153607,"",369.56749950218284
638,2017,S08000022,"",65-74 years,"",Female,"",Coronary Heart Disease,21,"",99.04258831297459,"",100.16602032285945
639,2017,S08000022,"",65-74 years,"",All,d,Coronary Heart Disease,97,"",233.06662822268677,"",234.86675991252113
640,2017,S08000022,"",75plus years,"",Male,"",Coronary Heart Disease,158,"",1203.1678342978983,"",1306.1865265130677
641,2017,S08000022,"",75plus years,"",Female,"",Coronary Heart Disease,144,"",790.1668129938544,"",760.7123714659014
642,2017,S08000022,"",75plus years,"",All,d,Coronary Heart Disease,302,"",963.1330526852914,"",1033.4494489894846
643,2017,S08000022,"",under75 years,"",Male,"",Coronary Heart Disease,140,"",96.19613016710642,"",82.68222282104243
644,2017,S08000022,"",under75 years,"",Female,"",Coronary Heart Disease,33,"",22.603049356840504,"",18.62460827621423
645,2017,S08000022,"",under75 years,"",All,d,Coronary Heart Disease,173,"",59.34127751823115,"",50.65341554862834
646,2017,S08000022,"",All Ages,d,Male,"",Coronary Heart Disease,298,"",187.81354778531272,"",192.7976101533247
647,2017,S08000022,"",All Ages,d,Female,"",Coronary Heart Disease,177,"",107.78093069138117,"",85.41250696328608
648,2017,S08000022,"",All Ages,d,All,d,Coronary Heart Disease,475,"",147.10892254328098,"",139.1050585583054
649,2017,S08000024,"",0-44 years,"",Male,"",Coronary Heart Disease,11,"",4.408552592028535,"",4.838650760726341
650,2017,S08000024,"",0-44 years,"",Female,"",Coronary Heart Disease,2,"",0.7833460627068523,"",0.8733885679297714
651,2017,S08000024,"",0-44 years,"",All,d,Coronary Heart Disease,13,"",2.575124299269061,"",2.856019664328056
652,2017,S08000024,"",45-64 years,"",Male,"",Coronary Heart Disease,109,"",97.43539318309809,"",98.57304964004562
653,2017,S08000024,"",45-64 years,"",Female,"",Coronary Heart Disease,29,"",24.96986395729292,"",25.742696766896216
654,2017,S08000024,"",45-64 years,"",All,d,Coronary Heart Disease,138,"",60.52392668710446,"",62.15787320347092
655,2017,S08000024,"",65-74 years,"",Male,"",Coronary Heart Disease,133,"",350.239637646811,"",353.97149309962265
656,2017,S08000024,"",65-74 years,"",Female,"",Coronary Heart Disease,70,"",165.43770088863678,"",166.57012820009732
657,2017,S08000024,"",65-74 years,"",All,d,Coronary Heart Disease,203,"",252.84607528087088,"",260.27081064986
658,2017,S08000024,"",75plus years,"",Male,"",Coronary Heart Disease,296,"",1140.5672009864365,"",1201.7662080723096
659,2017,S08000024,"",75plus years,"",Female,"",Coronary Heart Disease,276,"",729.1363960584366,"",690.8305753316129
660,2017,S08000024,"",75plus years,"",All,d,Coronary Heart Disease,572,"",896.4814669696732,"",946.2983917019612
661,2017,S08000024,"",under75 years,"",Male,"",Coronary Heart Disease,253,"",63.351679445510044,"",72.4194904844667
662,2017,S08000024,"",under75 years,"",Female,"",Coronary Heart Disease,101,"",24.40987318950037,"",27.234404319692075
663,2017,S08000024,"",under75 years,"",All,d,Coronary Heart Disease,354,"",43.53574173712529,"",49.82694740207939
664,2017,S08000024,"",All Ages,d,Male,"",Coronary Heart Disease,549,"",129.0823164280172,"",174.06069506737256
665,2017,S08000024,"",All Ages,d,Female,"",Coronary Heart Disease,377,"",83.47725964306275,"",86.95805971076494
666,2017,S08000024,"",All Ages,d,All,d,Coronary Heart Disease,926,"",105.59565757814194,"",130.50937738906876
667,2017,S08000025,"",0-44 years,"",Male,"",Coronary Heart Disease,0,"",0,"",0
668,2017,S08000025,"",0-44 years,"",Female,"",Coronary Heart Disease,0,"",0,"",0
669,2017,S08000025,"",0-44 years,"",All,d,Coronary Heart Disease,0,"",0,"",0
670,2017,S08000025,"",45-64 years,"",Male,"",Coronary Heart Disease,4,"",120.62726176115801,"",114.8578952940715
671,2017,S08000025,"",45-64 years,"",Female,"",Coronary Heart Disease,0,"",0,"",0
672,2017,S08000025,"",45-64 years,"",All,d,Coronary Heart Disease,4,"",60.395591121848106,"",57.42894764703575
673,2017,S08000025,"",65-74 years,"",Male,"",Coronary Heart Disease,6,"",434.46777697320783,"",433.66632247116365
674,2017,S08000025,"",65-74 years,"",Female,"",Coronary Heart Disease,1,"",70.8215297450425,"",71.07320540156361
675,2017,S08000025,"",65-74 years,"",All,d,Coronary Heart Disease,7,"",250.62656641604008,"",252.36976393636363
676,2017,S08000025,"",75plus years,"",Male,"",Coronary Heart Disease,14,"",1417.004048582996,"",1474.2415353345377
677,2017,S08000025,"",75plus years,"",Female,"",Coronary Heart Disease,9,"",731.7073170731708,"",761.8542324264853
678,2017,S08000025,"",75plus years,"",All,d,Coronary Heart Disease,23,"",1036.9702434625788,"",1118.0478838805116
679,2017,S08000025,"",under75 years,"",Male,"",Coronary Heart Disease,10,"",102.55358424776945,"",83.48605067296828
680,2017,S08000025,"",under75 years,"",Female,"",Coronary Heart Disease,1,"",10.244851961889152,"",8.200754469411187
681,2017,S08000025,"",under75 years,"",All,d,Coronary Heart Disease,11,"",56.37556375563755,"",45.843402571189735
682,2017,S08000025,"",All Ages,d,Male,"",Coronary Heart Disease,24,"",223.48449576310645,"",208.6540442925095
683,2017,S08000025,"",All Ages,d,Female,"",Coronary Heart Disease,10,"",90.98353198071149,"",76.02956748554784
684,2017,S08000025,"",All Ages,d,All,d,Coronary Heart Disease,34,"",156.46571560055224,"",142.34180588902868
685,2017,S08000026,"",0-44 years,"",Male,"",Coronary Heart Disease,1,"",16.139444803098772,"",18.86894172192571
686,2017,S08000026,"",0-44 years,"",Female,"",Coronary Heart Disease,0,"",0,"",0
687,2017,S08000026,"",0-44 years,"",All,d,Coronary Heart Disease,1,"",8.322929671244278,"",9.434470860962856
688,2017,S08000026,"",45-64 years,"",Male,"",Coronary Heart Disease,3,"",90.30704394942805,"",88.8866201475794
689,2017,S08000026,"",45-64 years,"",Female,"",Coronary Heart Disease,3,"",92.05277692543726,"",91.74833480787959
690,2017,S08000026,"",45-64 years,"",All,d,Coronary Heart Disease,6,"",91.17155447500379,"",90.3174774777295
691,2017,S08000026,"",65-74 years,"",Male,"",Coronary Heart Disease,11,"",823.3532934131737,"",829.9647793617324
692,2017,S08000026,"",65-74 years,"",Female,"",Coronary Heart Disease,0,"",0,"",0
693,2017,S08000026,"",65-74 years,"",All,d,Coronary Heart Disease,11,"",421.6174779609045,"",414.9823896808662
694,2017,S08000026,"",75plus years,"",Male,"",Coronary Heart Disease,5,"",602.4096385542169,"",544.1066781318298
695,2017,S08000026,"",75plus years,"",Female,"",Coronary Heart Disease,8,"",744.186046511628,"",733.6985131314286
696,2017,S08000026,"",75plus years,"",All,d,Coronary Heart Disease,13,"",682.4146981627297,"",638.9025956316293
697,2017,S08000026,"",under75 years,"",Male,"",Coronary Heart Disease,15,"",138.19789939192924,"",132.84668648563775
698,2017,S08000026,"",under75 years,"",Female,"",Coronary Heart Disease,3,"",28.982706984832383,"",26.71792167482208
699,2017,S08000026,"",under75 years,"",All,d,Coronary Heart Disease,18,"",84.88564017920301,"",79.7823040802299
700,2017,S08000026,"",All Ages,d,Male,"",Coronary Heart Disease,20,"",171.17425539198905,"",169.86008573379502
701,2017,S08000026,"",All Ages,d,Female,"",Coronary Heart Disease,11,"",96.27166112375285,"",90.34617490591667
702,2017,S08000026,"",All Ages,d,All,d,Coronary Heart Disease,31,"",134.14106447425357,"",130.10313031985586
703,2017,S08000028,"",0-44 years,"",Male,"",Coronary Heart Disease,0,"",0,"",0
704,2017,S08000028,"",0-44 years,"",Female,"",Coronary Heart Disease,0,"",0,"",0
705,2017,S08000028,"",0-44 years,"",All,d,Coronary Heart Disease,0,"",0,"",0
706,2017,S08000028,"",45-64 years,"",Male,"",Coronary Heart Disease,3,"",72.27174174897615,"",68.95891198161095
707,2017,S08000028,"",45-64 years,"",Female,"",Coronary Heart Disease,2,"",49.85044865403788,"",50.428520393043186
708,2017,S08000028,"",45-64 years,"",All,d,Coronary Heart Disease,5,"",61.251990689697415,"",59.69371618732707
709,2017,S08000028,"",65-74 years,"",Male,"",Coronary Heart Disease,16,"",889.3829905503056,"",881.8077594797014
710,2017,S08000028,"",65-74 years,"",Female,"",Coronary Heart Disease,1,"",54.229934924078094,"",53.889868704683515
711,2017,S08000028,"",65-74 years,"",All,d,Coronary Heart Disease,17,"",466.6483667307164,"",467.8488140921924
712,2017,S08000028,"",75plus years,"",Male,"",Coronary Heart Disease,17,"",1379.8701298701299,"",1615.7052094172261
713,2017,S08000028,"",75plus years,"",Female,"",Coronary Heart Disease,13,"",716.6482910694598,"",678.9099184743468
714,2017,S08000028,"",75plus years,"",All,d,Coronary Heart Disease,30,"",984.898227183191,"",1147.3075639457866
715,2017,S08000028,"",under75 years,"",Male,"",Coronary Heart Disease,19,"",159.16897042808077,"",121.82849057197312
716,2017,S08000028,"",under75 years,"",Female,"",Coronary Heart Disease,3,"",25.62569402921329,"",20.90329023972331
717,2017,S08000028,"",under75 years,"",All,d,Coronary Heart Disease,22,"",93.04686178311623,"",71.3658904058482
718,2017,S08000028,"",All Ages,d,Male,"",Coronary Heart Disease,36,"",273.3692763307768,"",256.2773952680459
719,2017,S08000028,"",All Ages,d,Female,"",Coronary Heart Disease,16,"",118.33444271873383,"",80.12388678083943
720,2017,S08000028,"",All Ages,d,All,d,Coronary Heart Disease,52,"",194.82952416635445,"",168.20064102444266
721,2017,S08000029,"",0-44 years,"",Male,"",Coronary Heart Disease,0,"",0,"",0
722,2017,S08000029,"",0-44 years,"",Female,"",Coronary Heart Disease,3,"",3.145478374836173,"",3.292980074898568
723,2017,S08000029,"",0-44 years,"",All,d,Coronary Heart Disease,3,"",1.583029919265474,"",1.646490037449284
724,2017,S08000029,"",45-64 years,"",Male,"",Coronary Heart Disease,50,"",97.51911374629428,"",97.81117841734755
725,2017,S08000029,"",45-64 years,"",Female,"",Coronary Heart Disease,14,"",25.934090361780562,"",25.99131969416301
726,2017,S08000029,"",45-64 years,"",All,d,Coronary Heart Disease,64,"",60.8047123652083,"",61.90124905575527
727,2017,S08000029,"",65-74 years,"",Male,"",Coronary Heart Disease,63,"",310.74282332050905,"",311.1878343490658
728,2017,S08000029,"",65-74 years,"",Female,"",Coronary Heart Disease,27,"",121.12511776053115,"",121.86710816372631
729,2017,S08000029,"",65-74 years,"",All,d,Coronary Heart Disease,90,"",211.44132503230352,"",216.52747125639604
730,2017,S08000029,"",75plus years,"",Male,"",Coronary Heart Disease,164,"",1220.5105306243952,"",1288.194333678383
731,2017,S08000029,"",75plus years,"",Female,"",Coronary Heart Disease,146,"",783.5560564589707,"",755.2552768481709
732,2017,S08000029,"",75plus years,"",All,d,Coronary Heart Disease,310,"",966.6354848768319,"",1021.724805263277
733,2017,S08000029,"",under75 years,"",Male,"",Coronary Heart Disease,113,"",68.20335463933704,"",64.38976361236155
734,2017,S08000029,"",under75 years,"",Female,"",Coronary Heart Disease,44,"",25.633705993043943,"",23.58456628196669
735,2017,S08000029,"",under75 years,"",All,d,Coronary Heart Disease,157,"",46.54196187709365,"",43.98716494716412
736,2017,S08000029,"",All Ages,d,Male,"",Coronary Heart Disease,277,"",154.64665751069128,"",174.53217491830347
737,2017,S08000029,"",All Ages,d,Female,"",Coronary Heart Disease,190,"",99.8517989089877,"",89.43493023292507
738,2017,S08000029,"",All Ages,d,All,d,Coronary Heart Disease,467,"",126.42122360584732,"",131.98355257561428
739,2017,S08000030,"",0-44 years,"",Male,"",Coronary Heart Disease,6,"",5.674510100627979,"",6.964395170978944
740,2017,S08000030,"",0-44 years,"",Female,"",Coronary Heart Disease,1,"",0.9480020856045883,"",1.0938286189319857
741,2017,S08000030,"",0-44 years,"",All,d,Coronary Heart Disease,7,"",3.3140644159434904,"",4.029111894955465
742,2017,S08000030,"",45-64 years,"",Male,"",Coronary Heart Disease,65,"",116.16892749271709,"",114.69064112985649
743,2017,S08000030,"",45-64 years,"",Female,"",Coronary Heart Disease,26,"",44.10367756819107,"",43.40981341345294
744,2017,S08000030,"",45-64 years,"",All,d,Coronary Heart Disease,91,"",79.19585744745659,"",79.0502272716547
745,2017,S08000030,"",65-74 years,"",Male,"",Coronary Heart Disease,76,"",334.330459264473,"",336.18132675858635
746,2017,S08000030,"",65-74 years,"",Female,"",Coronary Heart Disease,28,"",113.56722774285134,"",113.90374275593278
747,2017,S08000030,"",65-74 years,"",All,d,Coronary Heart Disease,104,"",219.469474750459,"",225.04253475725957
748,2017,S08000030,"",75plus years,"",Male,"",Coronary Heart Disease,186,"",1120.8195239529978,"",1183.1024695016818
749,2017,S08000030,"",75plus years,"",Female,"",Coronary Heart Disease,160,"",685.7534716269502,"",634.8552853723464
750,2017,S08000030,"",75plus years,"",All,d,Coronary Heart Disease,346,"",866.5815112580459,"",908.978877437014
751,2017,S08000030,"",under75 years,"",Male,"",Coronary Heart Disease,147,"",79.70892685757045,"",76.32179406746391
752,2017,S08000030,"",under75 years,"",Female,"",Coronary Heart Disease,55,"",29.08637065555391,"",26.433143954023343
753,2017,S08000030,"",under75 years,"",All,d,Coronary Heart Disease,202,"",54.081116319913896,"",51.37746901074363
754,2017,S08000030,"",All Ages,d,Male,"",Coronary Heart Disease,333,"",165.65845504835434,"",175.93205485654352
755,2017,S08000030,"",All Ages,d,Female,"",Coronary Heart Disease,215,"",101.2126690016194,"",81.19113668167242
756,2017,S08000030,"",All Ages,d,All,d,Coronary Heart Disease,548,"",132.54643962848297,"",128.56159576910795
757,2017,S08000031,"",0-44 years,"",Male,"",Coronary Heart Disease,17,"",5.281848771348766,"",5.859024095350564
758,2017,S08000031,"",0-44 years,"",Female,"",Coronary Heart Disease,4,"",1.2320012320012321,"",1.4380798872792206
759,2017,S08000031,"",0-44 years,"",All,d,Coronary Heart Disease,21,"",3.2480990886761987,"",3.6485519913148923
760,2017,S08000031,"",45-64 years,"",Male,"",Coronary Heart Disease,227,"",148.748091503011,"",149.84998634656827
761,2017,S08000031,"",45-64 years,"",Female,"",Coronary Heart Disease,76,"",46.34965939098987,"",47.14179938062514
762,2017,S08000031,"",45-64 years,"",All,d,Coronary Heart Disease,303,"",95.71100960900631,"",98.4958928635967
763,2017,S08000031,"",65-74 years,"",Male,"",Coronary Heart Disease,187,"",377.320419693301,"",382.8390391885911
764,2017,S08000031,"",65-74 years,"",Female,"",Coronary Heart Disease,95,"",170.56267729541455,"",172.02690929955662
765,2017,S08000031,"",65-74 years,"",All,d,Coronary Heart Disease,282,"",267.9131277432594,"",277.4329742440739
766,2017,S08000031,"",75plus years,"",Male,"",Coronary Heart Disease,395,"",1167.4991871841103,"",1232.3740091636537
767,2017,S08000031,"",75plus years,"",Female,"",Coronary Heart Disease,410,"",762.6629959634666,"",739.2778760933868
768,2017,S08000031,"",75plus years,"",All,d,Coronary Heart Disease,805,"",919.0337017079185,"",985.8259426285201
769,2017,S08000031,"",under75 years,"",Male,"",Coronary Heart Disease,431,"",82.24814130650505,"",91.28815220673842
770,2017,S08000031,"",under75 years,"",Female,"",Coronary Heart Disease,175,"",32.14878826624341,"",34.43073126532954
771,2017,S08000031,"",under75 years,"",All,d,Coronary Heart Disease,606,"",56.72202836475821,"",62.85944173603398
772,2017,S08000031,"",All Ages,d,Male,"",Coronary Heart Disease,826,"",148.06661922320595,"",193.98587933286078
773,2017,S08000031,"",All Ages,d,Female,"",Coronary Heart Disease,585,"",97.80924021447811,"",97.86697429985469
774,2017,S08000031,"",All Ages,d,All,d,Coronary Heart Disease,1411,"",122.06304716426175,"",145.92642681635775
775,2017,S08000032,"",0-44 years,"",Male,"",Coronary Heart Disease,18,"",10.333365864299942,"",11.241613601249618
776,2017,S08000032,"",0-44 years,"",Female,"",Coronary Heart Disease,4,"",2.2791892923687045,"",2.425349405794513
777,2017,S08000032,"",0-44 years,"",All,d,Coronary Heart Disease,22,"",6.291214604768741,"",6.833481503522066
778,2017,S08000032,"",45-64 years,"",Male,"",Coronary Heart Disease,121,"",129.232083733846,"",131.08703809537
779,2017,S08000032,"",45-64 years,"",Female,"",Coronary Heart Disease,23,"",23.070133204943026,"",23.511972410425077
780,2017,S08000032,"",45-64 years,"",All,d,Coronary Heart Disease,144,"",74.4855839359424,"",77.29950525289753
781,2017,S08000032,"",65-74 years,"",Male,"",Coronary Heart Disease,112,"",353.4795644626795,"",355.90186080659896
782,2017,S08000032,"",65-74 years,"",Female,"",Coronary Heart Disease,46,"",129.82614585685255,"",130.51593307411076
783,2017,S08000032,"",65-74 years,"",All,d,Coronary Heart Disease,158,"",235.4098067553675,"",243.20889694035486
784,2017,S08000032,"",75plus years,"",Male,"",Coronary Heart Disease,246,"",1218.5456706954626,"",1401.4031391882022
785,2017,S08000032,"",75plus years,"",Female,"",Coronary Heart Disease,233,"",764.8120794354177,"",776.6033413499083
786,2017,S08000032,"",75plus years,"",All,d,Coronary Heart Disease,479,"",945.649813436519,"",1089.0032402690551
787,2017,S08000032,"",under75 years,"",Male,"",Coronary Heart Disease,251,"",83.80410539952189,"",85.91014486224255
788,2017,S08000032,"",under75 years,"",Female,"",Coronary Heart Disease,73,"",23.500703411465125,"",23.345642132608035
789,2017,S08000032,"",under75 years,"",All,d,Coronary Heart Disease,324,"",53.10282772557638,"",54.6278934974253
790,2017,S08000032,"",All Ages,d,Male,"",Coronary Heart Disease,497,"",155.4601871778189,"",204.30451435157894
791,2017,S08000032,"",All Ages,d,Female,"",Coronary Heart Disease,306,"",89.71134056887544,"",91.13883506216506
792,2017,S08000032,"",All Ages,d,All,d,Coronary Heart Disease,803,"",121.52120946140226,"",147.721674706872
793,2017,S92000003,d,0-44 years,"",Male,"",Coronary Heart Disease,81,"",5.684956552193165,"",6.325761059798504
794,2017,S92000003,d,0-44 years,"",Female,"",Coronary Heart Disease,23,"",1.6049348256901221,"",1.753533545355735
795,2017,S92000003,d,0-44 years,"",All,d,Coronary Heart Disease,104,"",3.6390445688484485,"",4.039647302577119
796,2017,S92000003,d,45-64 years,"",Male,"",Coronary Heart Disease,836,"",113.35839150408687,"",113.53582084863008
797,2017,S92000003,d,45-64 years,"",Female,"",Coronary Heart Disease,256,"",32.90594170763842,"",33.11047627848969
798,2017,S92000003,d,45-64 years,"",All,d,Coronary Heart Disease,1092,"",72.05737667597738,"",73.32314856355988
799,2017,S92000003,d,65-74 years,"",Male,"",Coronary Heart Disease,974,"",358.67371739162456,"",361.26060320579865
800,2017,S92000003,d,65-74 years,"",Female,"",Coronary Heart Disease,410,"",138.43167046509666,"",139.08774416709744
801,2017,S92000003,d,65-74 years,"",All,d,Coronary Heart Disease,1384,"",243.77742275831335,"",250.17417368644809
802,2017,S92000003,d,75plus years,"",Male,"",Coronary Heart Disease,2143,"",1171.857911544687,"",1258.3879207591062
803,2017,S92000003,d,75plus years,"",Female,"",Coronary Heart Disease,2004,"",758.3871028780109,"",733.9469969518894
804,2017,S92000003,d,75plus years,"",All,d,Coronary Heart Disease,4147,"",927.4977243092972,"",996.1674588554978
805,2017,S92000003,d,under75 years,"",Male,"",Coronary Heart Disease,1891,"",77.69573593803734,"",78.50029322394178
806,2017,S92000003,d,under75 years,"",Female,"",Coronary Heart Disease,689,"",27.480526317888664,"",26.73120600641439
807,2017,S92000003,d,under75 years,"",All,d,Coronary Heart Disease,2580,"",52.21527345320853,"",52.61574961517809
808,2017,S92000003,d,All Ages,d,Male,"",Coronary Heart Disease,4034,"",154.16216835930408,"",184.69017970210658
809,2017,S92000003,d,All Ages,d,Female,"",Coronary Heart Disease,2693,"",97.16847527038851,"",90.38062719150714
810,2017,S92000003,d,All Ages,d,All,d,Coronary Heart Disease,6727,"",124.84688764336885,"",137.53540344680687
811,2018,S08000015,"",0-44 years,"",Male,"",Coronary Heart Disease,1,"",1.1504037917308976,"",1.2890380206722036
812,2018,S08000015,"",0-44 years,"",Female,"",Coronary Heart Disease,1,"",1.129803075323971,"",1.1529636931733018
813,2018,S08000015,"",0-44 years,"",All,d,Coronary Heart Disease,2,"",1.140010374094404,"",1.2210008569227528
814,2018,S08000015,"",45-64 years,"",Male,"",Coronary Heart Disease,68,"",129.8354145186543,"",125.14326642913466
815,2018,S08000015,"",45-64 years,"",Female,"",Coronary Heart Disease,21,"",36.631953529750376,"",35.80220790014157
816,2018,S08000015,"",45-64 years,"",All,d,Coronary Heart Disease,89,"",81.12961595609886,"",80.47273716463812
817,2018,S08000015,"",65-74 years,"",Male,"",Coronary Heart Disease,110,"",492.6770278138577,"",492.27984548436956
818,2018,S08000015,"",65-74 years,"",Female,"",Coronary Heart Disease,35,"",143.143429716576,"",142.97946042419326
819,2018,S08000015,"",65-74 years,"",All,d,Coronary Heart Disease,145,"",309.9747744666296,"",317.62965295428137
820,2018,S08000015,"",75plus years,"",Male,"",Coronary Heart Disease,217,"",1437.0860927152319,"",1565.357363572547
821,2018,S08000015,"",75plus years,"",Female,"",Coronary Heart Disease,177,"",846.3230371999617,"",831.593776199621
822,2018,S08000015,"",75plus years,"",All,d,Coronary Heart Disease,394,"",1094.0189926139835,"",1198.4755698860838
823,2018,S08000015,"",under75 years,"",Male,"",Coronary Heart Disease,179,"",110.74882290706378,"",94.00926363817854
824,2018,S08000015,"",under75 years,"",Female,"",Coronary Heart Disease,57,"",33.47250850025545,"",27.607723991638895
825,2018,S08000015,"",under75 years,"",All,d,Coronary Heart Disease,236,"",71.10232709480712,"",60.80849381490872
826,2018,S08000015,"",All Ages,d,Male,"",Coronary Heart Disease,396,"",224.07441986793188,"",226.43059263227167
827,2018,S08000015,"",All Ages,d,Female,"",Coronary Heart Disease,234,"",122.38301700287128,"",99.96646869035727
828,2018,S08000015,"",All Ages,d,All,d,Coronary Heart Disease,630,"",171.2282227597641,"",163.1985306613145
829,2018,S08000016,"",0-44 years,"",Male,"",Coronary Heart Disease,3,"",11.753643629525152,"",13.469093846813498
830,2018,S08000016,"",0-44 years,"",Female,"",Coronary Heart Disease,1,"",3.832592365476008,"",3.9485114111979787
831,2018,S08000016,"",0-44 years,"",All,d,Coronary Heart Disease,4,"",7.749535027898326,"",8.70880262900574
832,2018,S08000016,"",45-64 years,"",Male,"",Coronary Heart Disease,12,"",68.57926620185164,"",64.5043305692408
833,2018,S08000016,"",45-64 years,"",Female,"",Coronary Heart Disease,4,"",21.5633423180593,"",20.739424886641036
834,2018,S08000016,"",45-64 years,"",All,d,Coronary Heart Disease,16,"",44.38526409232135,"",42.62187772794092
835,2018,S08000016,"",65-74 years,"",Male,"",Coronary Heart Disease,16,"",204.73448496481126,"",204.11310298484426
836,2018,S08000016,"",65-74 years,"",Female,"",Coronary Heart Disease,6,"",73.29587099926704,"",71.96598585830527
837,2018,S08000016,"",65-74 years,"",All,d,Coronary Heart Disease,22,"",137.49140678707582,"",138.03954442157476
838,2018,S08000016,"",75plus years,"",Male,"",Coronary Heart Disease,72,"",1326.6998341625208,"",1498.3660495307824
839,2018,S08000016,"",75plus years,"",Female,"",Coronary Heart Disease,48,"",676.2468300929839,"",655.6793010957504
840,2018,S08000016,"",75plus years,"",All,d,Coronary Heart Disease,120,"",958.0838323353294,"",1077.0226753132665
841,2018,S08000016,"",under75 years,"",Male,"",Coronary Heart Disease,31,"",60.97920805712375,"",50.32838911157884
842,2018,S08000016,"",under75 years,"",Female,"",Coronary Heart Disease,11,"",20.822291209207236,"",16.686343156185536
843,2018,S08000016,"",under75 years,"",All,d,Coronary Heart Disease,42,"",40.51512082187816,"",33.507366133882186
844,2018,S08000016,"",All Ages,d,Male,"",Coronary Heart Disease,103,"",183.06554813024314,"",180.65177854930715
845,2018,S08000016,"",All Ages,d,Female,"",Coronary Heart Disease,59,"",98.45476087174181,"",74.19570937074639
846,2018,S08000016,"",All Ages,d,All,d,Coronary Heart Disease,162,"",139.426800929512,"",127.42374396002677
847,2018,S08000017,"",0-44 years,"",Male,"",Coronary Heart Disease,0,"",0,"",0
848,2018,S08000017,"",0-44 years,"",Female,"",Coronary Heart Disease,0,"",0,"",0
849,2018,S08000017,"",0-44 years,"",All,d,Coronary Heart Disease,0,"",0,"",0
850,2018,S08000017,"",45-64 years,"",Male,"",Coronary Heart Disease,16,"",74.23560525216907,"",68.57801672716846
851,2018,S08000017,"",45-64 years,"",Female,"",Coronary Heart Disease,8,"",34.543805863811045,"",33.65438577470046
852,2018,S08000017,"",45-64 years,"",All,d,Coronary Heart Disease,24,"",53.676865271068166,"",51.11620125093446
853,2018,S08000017,"",65-74 years,"",Male,"",Coronary Heart Disease,27,"",265.017667844523,"",265.48671784492313
854,2018,S08000017,"",65-74 years,"",Female,"",Coronary Heart Disease,18,"",168.91891891891893,"",168.40142261596503
855,2018,S08000017,"",65-74 years,"",All,d,Coronary Heart Disease,45,"",215.88946459412782,"",216.9440702304441
856,2018,S08000017,"",75plus years,"",Male,"",Coronary Heart Disease,71,"",952.2532188841202,"",1057.961977311502
857,2018,S08000017,"",75plus years,"",Female,"",Coronary Heart Disease,65,"",683.7067424003366,"",679.5696474777537
858,2018,S08000017,"",75plus years,"",All,d,Coronary Heart Disease,136,"",801.7449743559512,"",868.7658123946279
859,2018,S08000017,"",under75 years,"",Male,"",Coronary Heart Disease,43,"",67.40657135690996,"",50.603604182875365
860,2018,S08000017,"",under75 years,"",Female,"",Coronary Heart Disease,26,"",39.25417075564279,"",29.23138637909005
861,2018,S08000017,"",under75 years,"",All,d,Coronary Heart Disease,69,"",53.065901697339775,"",39.917495280982706
862,2018,S08000017,"",All Ages,d,Male,"",Coronary Heart Disease,114,"",160.00449135414328,"",141.26585776445177
863,2018,S08000017,"",All Ages,d,Female,"",Coronary Heart Disease,91,"",120.14470175067994,"",87.76182987796977
864,2018,S08000017,"",All Ages,d,All,d,Coronary Heart Disease,205,"",139.46526974624123,"",114.51384382121077
865,2018,S08000019,"",0-44 years,"",Male,"",Coronary Heart Disease,0,"",0,"",0
866,2018,S08000019,"",0-44 years,"",Female,"",Coronary Heart Disease,1,"",1.271278015789273,"",1.352704055406758
867,2018,S08000019,"",0-44 years,"",All,d,Coronary Heart Disease,1,"",0.6381376590558115,"",0.676352027703379
868,2018,S08000019,"",45-64 years,"",Male,"",Coronary Heart Disease,47,"",109.90552801421755,"",111.71080825291631
869,2018,S08000019,"",45-64 years,"",Female,"",Coronary Heart Disease,11,"",24.355142256171813,"",24.625682944232295
870,2018,S08000019,"",45-64 years,"",All,d,Coronary Heart Disease,58,"",65.96231050051746,"",68.1682455985743
871,2018,S08000019,"",65-74 years,"",Male,"",Coronary Heart Disease,56,"",353.9599266797295,"",354.82869916710473
872,2018,S08000019,"",65-74 years,"",Female,"",Coronary Heart Disease,17,"",99.12536443148687,"",98.80935769963162
873,2018,S08000019,"",65-74 years,"",All,d,Coronary Heart Disease,73,"",221.40669072821572,"",226.81902843336815
874,2018,S08000019,"",75plus years,"",Male,"",Coronary Heart Disease,126,"",1200.9149828440718,"",1308.7878873708305
875,2018,S08000019,"",75plus years,"",Female,"",Coronary Heart Disease,124,"",856.8269762299612,"",852.9222837194944
876,2018,S08000019,"",75plus years,"",All,d,Coronary Heart Disease,250,"",1001.44207659029,"",1080.8550855451624
877,2018,S08000019,"",under75 years,"",Male,"",Coronary Heart Disease,103,"",75.38607919197834,"",73.47294241710858
878,2018,S08000019,"",under75 years,"",Female,"",Coronary Heart Disease,29,"",20.570877312450346,"",19.37499860285992
879,2018,S08000019,"",under75 years,"",All,d,Coronary Heart Disease,132,"",47.54940455177482,"",46.42397050998425
880,2018,S08000019,"",All Ages,d,Male,"",Coronary Heart Disease,229,"",155.65313141474422,"",184.65128746294357
881,2018,S08000019,"",All Ages,d,Female,"",Coronary Heart Disease,153,"",98.4251968503937,"",94.39425426335703
882,2018,S08000019,"",All Ages,d,All,d,Coronary Heart Disease,382,"",126.25177644842516,"",139.5227708631503
883,2018,S08000020,"",0-44 years,"",Male,"",Coronary Heart Disease,4,"",2.549150814135041,"",2.8755512131433174
884,2018,S08000020,"",0-44 years,"",Female,"",Coronary Heart Disease,2,"",1.287291217455669,"",1.3000961249901692
885,2018,S08000020,"",0-44 years,"",All,d,Coronary Heart Disease,6,"",1.921352632253106,"",2.0878236690667435
886,2018,S08000020,"",45-64 years,"",Male,"",Coronary Heart Disease,78,"",98.48236155652636,"",97.46831245180387
887,2018,S08000020,"",45-64 years,"",Female,"",Coronary Heart Disease,21,"",26.031982149497953,"",26.01933441685399
888,2018,S08000020,"",45-64 years,"",All,d,Coronary Heart Disease,99,"",61.924539631705365,"",61.743823434328924
889,2018,S08000020,"",65-74 years,"",Male,"",Coronary Heart Disease,96,"",329.07140163850136,"",331.5120902175406
890,2018,S08000020,"",65-74 years,"",Female,"",Coronary Heart Disease,49,"",160.14118569841165,"",160.3435518065543
891,2018,S08000020,"",65-74 years,"",All,d,Coronary Heart Disease,145,"",242.5925616101454,"",245.92782101204745
892,2018,S08000020,"",75plus years,"",Male,"",Coronary Heart Disease,210,"",1067.4528541656077,"",1149.2198842669975
893,2018,S08000020,"",75plus years,"",Female,"",Coronary Heart Disease,208,"",773.6943907156673,"",743.7998352208255
894,2018,S08000020,"",75plus years,"",All,d,Coronary Heart Disease,418,"",897.8241725197071,"",946.5098597439114
895,2018,S08000020,"",under75 years,"",Male,"",Coronary Heart Disease,178,"",67.09638508801689,"",68.34139552490899
896,2018,S08000020,"",under75 years,"",Female,"",Coronary Heart Disease,72,"",27.003409180409026,"",26.8497235908233
897,2018,S08000020,"",under75 years,"",All,d,Coronary Heart Disease,250,"",46.99928373091594,"",47.595559557866146
898,2018,S08000020,"",All Ages,d,Male,"",Coronary Heart Disease,388,"",136.15802753339906,"",165.62045951169696
899,2018,S08000020,"",All Ages,d,Female,"",Coronary Heart Disease,280,"",95.39481529178889,"",91.37523363752348
900,2018,S08000020,"",All Ages,d,All,d,Coronary Heart Disease,668,"",115.47503803070116,"",128.4978465746102
901,2018,S08000022,"",0-44 years,"",Male,"",Coronary Heart Disease,4,"",5.219274781769073,"",5.874232678356389
902,2018,S08000022,"",0-44 years,"",Female,"",Coronary Heart Disease,1,"",1.3543712331550077,"",1.3847839934796458
903,2018,S08000022,"",0-44 years,"",All,d,Coronary Heart Disease,5,"",3.3228331804830074,"",3.6295083359180174
904,2018,S08000022,"",45-64 years,"",Male,"",Coronary Heart Disease,44,"",92.63938015832912,"",88.25560481776132
905,2018,S08000022,"",45-64 years,"",Female,"",Coronary Heart Disease,10,"",19.98321410015587,"",19.089881163183115
906,2018,S08000022,"",45-64 years,"",All,d,Coronary Heart Disease,54,"",55.363037995447925,"",53.672742990472216
907,2018,S08000022,"",65-74 years,"",Male,"",Coronary Heart Disease,75,"",363.7951105937136,"",364.2226224912416
908,2018,S08000022,"",65-74 years,"",Female,"",Coronary Heart Disease,23,"",107.46659190729838,"",107.49451462160204
909,2018,S08000022,"",65-74 years,"",All,d,Coronary Heart Disease,98,"",233.23337617211672,"",235.8585685564218
910,2018,S08000022,"",75plus years,"",Male,"",Coronary Heart Disease,141,"",1040.1298318087931,"",1122.430382547901
911,2018,S08000022,"",75plus years,"",Female,"",Coronary Heart Disease,149,"",803.9279162620049,"",794.1307471464717
912,2018,S08000022,"",75plus years,"",All,d,Coronary Heart Disease,290,"",903.7083203490184,"",958.2805648471863
913,2018,S08000022,"",under75 years,"",Male,"",Coronary Heart Disease,123,"",84.97350622793624,"",71.21230360945007
914,2018,S08000022,"",under75 years,"",Female,"",Coronary Heart Disease,34,"",23.403244791057205,"",18.78409439559423
915,2018,S08000022,"",under75 years,"",All,d,Coronary Heart Disease,157,"",54.13233113815812,"",44.998199002522156
916,2018,S08000022,"",All Ages,d,Male,"",Coronary Heart Disease,264,"",166.76457768765752,"",165.82193071391066
917,2018,S08000022,"",All Ages,d,Female,"",Coronary Heart Disease,183,"",111.71274563068864,"",88.5652931431732
918,2018,S08000022,"",All Ages,d,All,d,Coronary Heart Disease,447,"",138.76816093381348,"",127.19361192854193
919,2018,S08000024,"",0-44 years,"",Male,"",Coronary Heart Disease,6,"",2.3965106804492655,"",2.710833114933852
920,2018,S08000024,"",0-44 years,"",Female,"",Coronary Heart Disease,1,"",0.3897192073111323,"",0.4611677029763763
921,2018,S08000024,"",0-44 years,"",All,d,Coronary Heart Disease,7,"",1.38078227233366,"",1.586000408955114
922,2018,S08000024,"",45-64 years,"",Male,"",Coronary Heart Disease,123,"",109.44228921237143,"",111.68248486933129
923,2018,S08000024,"",45-64 years,"",Female,"",Coronary Heart Disease,33,"",28.23771017841099,"",28.554929947857243
924,2018,S08000024,"",45-64 years,"",All,d,Coronary Heart Disease,156,"",68.04709207731196,"",70.11870740859428
925,2018,S08000024,"",65-74 years,"",Male,"",Coronary Heart Disease,122,"",315.94758377790436,"",317.34405904507804
926,2018,S08000024,"",65-74 years,"",Female,"",Coronary Heart Disease,48,"",111.88028809174183,"",111.83082536415775
927,2018,S08000024,"",65-74 years,"",All,d,Coronary Heart Disease,170,"",208.54545677588726,"",214.58744220461787
928,2018,S08000024,"",75plus years,"",Male,"",Coronary Heart Disease,274,"",1035.486187218926,"",1116.6770721746266
929,2018,S08000024,"",75plus years,"",Female,"",Coronary Heart Disease,276,"",720.8148341603552,"",689.4621959705623
930,2018,S08000024,"",75plus years,"",All,d,Coronary Heart Disease,550,"",849.4077311547311,"",903.0696340725946
931,2018,S08000024,"",under75 years,"",Male,"",Coronary Heart Disease,251,"",62.536438064011406,"",70.74816985952776
932,2018,S08000024,"",under75 years,"",Female,"",Coronary Heart Disease,82,"",19.6943532446447,"",21.492663361567008
933,2018,S08000024,"",under75 years,"",All,d,Coronary Heart Disease,333,"",40.722537662232845,"",46.12041661054739
934,2018,S08000024,"",All Ages,d,Male,"",Coronary Heart Disease,525,"",122.71315274632036,"",164.88177106788666
935,2018,S08000024,"",All Ages,d,Female,"",Coronary Heart Disease,358,"",78.74136979190723,"",81.60992129637658
936,2018,S08000024,"",All Ages,d,All,d,Coronary Heart Disease,883,"",100.0589248481552,"",123.24584618213163
937,2018,S08000025,"",0-44 years,"",Male,"",Coronary Heart Disease,1,"",19.904458598726116,"",23.569023569023567
938,2018,S08000025,"",0-44 years,"",Female,"",Coronary Heart Disease,1,"",19.91635132443736,"",19.04594467885607
939,2018,S08000025,"",0-44 years,"",All,d,Coronary Heart Disease,2,"",19.91040318566451,"",21.307484123939822
940,2018,S08000025,"",45-64 years,"",Male,"",Coronary Heart Disease,6,"",181.5431164901664,"",170.46554726000332
941,2018,S08000025,"",45-64 years,"",Female,"",Coronary Heart Disease,0,"",0,"",0
942,2018,S08000025,"",45-64 years,"",All,d,Coronary Heart Disease,6,"",90.33423667570008,"",85.23277363000166
943,2018,S08000025,"",65-74 years,"",Male,"",Coronary Heart Disease,5,"",349.4060097833683,"",354.1329559603145
944,2018,S08000025,"",65-74 years,"",Female,"",Coronary Heart Disease,2,"",141.44271570014143,"",141.39170654637877
945,2018,S08000025,"",65-74 years,"",All,d,Coronary Heart Disease,7,"",246.04569420035148,"",247.76233125334664
946,2018,S08000025,"",75plus years,"",Male,"",Coronary Heart Disease,9,"",889.3280632411067,"",887.5667313076549
947,2018,S08000025,"",75plus years,"",Female,"",Coronary Heart Disease,9,"",699.8444790046656,"",701.4701768232583
948,2018,S08000025,"",75plus years,"",All,d,Coronary Heart Disease,18,"",783.2898172323759,"",794.5184540654566
949,2018,S08000025,"",under75 years,"",Male,"",Coronary Heart Disease,12,"",122.95081967213116,"",104.48857486484245
950,2018,S08000025,"",under75 years,"",Female,"",Coronary Heart Disease,3,"",30.69995906672124,"",27.616416828518734
951,2018,S08000025,"",under75 years,"",All,d,Coronary Heart Disease,15,"",76.79705099324187,"",66.0524958466806
952,2018,S08000025,"",All Ages,d,Male,"",Coronary Heart Disease,21,"",194.94987003341998,"",174.9656089446956
953,2018,S08000025,"",All Ages,d,Female,"",Coronary Heart Disease,12,"",108.51871947911015,"",88.2632552280453
954,2018,S08000025,"",All Ages,d,All,d,Coronary Heart Disease,33,"",151.16811726981217,"",131.61443208637044
955,2018,S08000026,"",0-44 years,"",Male,"",Coronary Heart Disease,1,"",16.35322976287817,"",18.598225197938255
956,2018,S08000026,"",0-44 years,"",Female,"",Coronary Heart Disease,0,"",0,"",0
957,2018,S08000026,"",0-44 years,"",All,d,Coronary Heart Disease,1,"",8.45809016324114,"",9.299112598969128
958,2018,S08000026,"",45-64 years,"",Male,"",Coronary Heart Disease,2,"",60.20469596628537,"",57.57817344317477
959,2018,S08000026,"",45-64 years,"",Female,"",Coronary Heart Disease,0,"",0,"",0
960,2018,S08000026,"",45-64 years,"",All,d,Coronary Heart Disease,2,"",30.36744609778318,"",28.789086721587385
961,2018,S08000026,"",65-74 years,"",Male,"",Coronary Heart Disease,3,"",227.44503411675512,"",227.842333105491
962,2018,S08000026,"",65-74 years,"",Female,"",Coronary Heart Disease,1,"",78.30853563038372,"",75.58578987150416
963,2018,S08000026,"",65-74 years,"",All,d,Coronary Heart Disease,4,"",154.08320493066256,"",151.71406148849758
964,2018,S08000026,"",75plus years,"",Male,"",Coronary Heart Disease,15,"",1685.3932584269662,"",2157.719427778136
965,2018,S08000026,"",75plus years,"",Female,"",Coronary Heart Disease,10,"",904.9773755656109,"",938.1866910541224
966,2018,S08000026,"",75plus years,"",All,d,Coronary Heart Disease,25,"",1253.1328320802004,"",1547.9530594161295
967,2018,S08000026,"",under75 years,"",Male,"",Coronary Heart Disease,6,"",55.782818891781325,"",54.09307972022476
968,2018,S08000026,"",under75 years,"",Female,"",Coronary Heart Disease,1,"",9.757049468240803,"",8.721437292865865
969,2018,S08000026,"",under75 years,"",All,d,Coronary Heart Disease,7,"",33.32539871459176,"",31.40725850654531
970,2018,S08000026,"",All Ages,d,Male,"",Coronary Heart Disease,21,"",180.31942297784647,"",243.41945104543677
971,2018,S08000026,"",All Ages,d,Female,"",Coronary Heart Disease,11,"",96.88215606834595,"",92.37331013137896
972,2018,S08000026,"",All Ages,d,All,d,Coronary Heart Disease,32,"",139.13043478260872,"",167.89638058840788
973,2018,S08000028,"",0-44 years,"",Male,"",Coronary Heart Disease,0,"",0,"",0
974,2018,S08000028,"",0-44 years,"",Female,"",Coronary Heart Disease,0,"",0,"",0
975,2018,S08000028,"",0-44 years,"",All,d,Coronary Heart Disease,0,"",0,"",0
976,2018,S08000028,"",45-64 years,"",Male,"",Coronary Heart Disease,2,"",48.56726566294317,"",49.699142689788594
977,2018,S08000028,"",45-64 years,"",Female,"",Coronary Heart Disease,0,"",0,"",0
978,2018,S08000028,"",45-64 years,"",All,d,Coronary Heart Disease,2,"",24.554941682013506,"",24.849571344894297
979,2018,S08000028,"",65-74 years,"",Male,"",Coronary Heart Disease,7,"",383.77192982456137,"",379.96545768566494
980,2018,S08000028,"",65-74 years,"",Female,"",Coronary Heart Disease,2,"",110.803324099723,"",112.57458065968704
981,2018,S08000028,"",65-74 years,"",All,d,Coronary Heart Disease,9,"",248.0022044640397,"",246.27001917267597
982,2018,S08000028,"",75plus years,"",Male,"",Coronary Heart Disease,20,"",1607.717041800643,"",1769.8104483054399
983,2018,S08000028,"",75plus years,"",Female,"",Coronary Heart Disease,18,"",965.6652360515022,"",886.7079919711498
984,2018,S08000028,"",75plus years,"",All,d,Coronary Heart Disease,38,"",1222.6512226512225,"",1328.259220138295
985,2018,S08000028,"",under75 years,"",Male,"",Coronary Heart Disease,9,"",76.10350076103501,"",58.314995461306374
986,2018,S08000028,"",under75 years,"",Female,"",Coronary Heart Disease,2,"",17.292062943109116,"",12.989374691502352
987,2018,S08000028,"",under75 years,"",All,d,Coronary Heart Disease,11,"",47.024623803009575,"",35.65218507640436
988,2018,S08000028,"",All Ages,d,Male,"",Coronary Heart Disease,29,"",221.8821729150727,"",212.34958621727836
989,2018,S08000028,"",All Ages,d,Female,"",Coronary Heart Disease,20,"",148.92032762472078,"",91.62405024667063
990,2018,S08000028,"",All Ages,d,All,d,Coronary Heart Disease,49,"",184.9056603773585,"",151.9868182319745
991,2018,S08000029,"",0-44 years,"",Male,"",Coronary Heart Disease,7,"",7.484629778134188,"",8.64341800398864
992,2018,S08000029,"",0-44 years,"",Female,"",Coronary Heart Disease,3,"",3.1644568209866777,"",3.5819184755354967
993,2018,S08000029,"",0-44 years,"",All,d,Coronary Heart Disease,10,"",5.309884881695765,"",6.112668239762069
994,2018,S08000029,"",45-64 years,"",Male,"",Coronary Heart Disease,51,"",99.50831187075626,"",98.74357483524848
995,2018,S08000029,"",45-64 years,"",Female,"",Coronary Heart Disease,16,"",29.583610679683456,"",29.38445270360755
996,2018,S08000029,"",45-64 years,"",All,d,Coronary Heart Disease,67,"",63.605984658616244,"",64.06401376942802
997,2018,S08000029,"",65-74 years,"",Male,"",Coronary Heart Disease,75,"",367.2869735553379,"",367.360237598617
998,2018,S08000029,"",65-74 years,"",Female,"",Coronary Heart Disease,29,"",129.13568152469165,"",128.30388107078045
999,2018,S08000029,"",65-74 years,"",All,d,Coronary Heart Disease,104,"",242.5542831821256,"",247.8320593346987
1000,2018,S08000029,"",75plus years,"",Male,"",Coronary Heart Disease,161,"",1169.5481621386023,"",1254.782473656545
1001,2018,S08000029,"",75plus years,"",Female,"",Coronary Heart Disease,129,"",680.2721088435374,"",659.4479544159032
1002,2018,S08000029,"",75plus years,"",All,d,Coronary Heart Disease,290,"",886.0643466039292,"",957.1152140362241
1003,2018,S08000029,"",under75 years,"",Male,"",Coronary Heart Disease,133,"",80.50993662112508,"",76.271778023461
1004,2018,S08000029,"",under75 years,"",Female,"",Coronary Heart Disease,48,"",28.01382015127463,"",25.486838962282544
1005,2018,S08000029,"",under75 years,"",All,d,Coronary Heart Disease,181,"",53.78245146950892,"",50.87930849287177
1006,2018,S08000029,"",All Ages,d,Male,"",Coronary Heart Disease,294,"",164.2797673262071,"",182.33774063043856
1007,2018,S08000029,"",All Ages,d,Female,"",Coronary Heart Disease,177,"",93.00761401314718,"",82.5433393531084
1008,2018,S08000029,"",All Ages,d,All,d,Coronary Heart Disease,471,"",127.54894792428304,"",132.44053999177348
1009,2018,S08000030,"",0-44 years,"",Male,"",Coronary Heart Disease,4,"",3.8122468429830834,"",4.273372321823746
1010,2018,S08000030,"",0-44 years,"",Female,"",Coronary Heart Disease,1,"",0.9537980237304948,"",1.0634968383758276
1011,2018,S08000030,"",0-44 years,"",All,d,Coronary Heart Disease,5,"",2.383574312696347,"",2.668434580099787
1012,2018,S08000030,"",45-64 years,"",Male,"",Coronary Heart Disease,61,"",109.66883607205781,"",107.6843159906286
1013,2018,S08000030,"",45-64 years,"",Female,"",Coronary Heart Disease,17,"",28.906648529161703,"",28.778762542880056
1014,2018,S08000030,"",45-64 years,"",All,d,Coronary Heart Disease,78,"",68.16275167785234,"",68.23153926675433
1015,2018,S08000030,"",65-74 years,"",Male,"",Coronary Heart Disease,68,"",293.6096718480138,"",293.47405698157024
1016,2018,S08000030,"",65-74 years,"",Female,"",Coronary Heart Disease,30,"",119.99040076793857,"",118.9623111926479
1017,2018,S08000030,"",65-74 years,"",All,d,Coronary Heart Disease,98,"",203.4799219301524,"",206.21818408710905
1018,2018,S08000030,"",75plus years,"",Male,"",Coronary Heart Disease,191,"",1128.7081905212149,"",1206.628952689672
1019,2018,S08000030,"",75plus years,"",Female,"",Coronary Heart Disease,156,"",665.3870761356366,"",623.555619517565
1020,2018,S08000030,"",75plus years,"",All,d,Coronary Heart Disease,347,"",859.6130502638295,"",915.0922861036183
1021,2018,S08000030,"",under75 years,"",Male,"",Coronary Heart Disease,133,"",72.39789447326449,"",67.75685799380909
1022,2018,S08000030,"",under75 years,"",Female,"",Coronary Heart Disease,48,"",25.443134594182002,"",22.738135210784826
1023,2018,S08000030,"",under75 years,"",All,d,Coronary Heart Disease,181,"",48.60848150863539,"",45.247496602296955
1024,2018,S08000030,"",All Ages,d,Male,"",Coronary Heart Disease,324,"",161.49210732247082,"",170.25534651643673
1025,2018,S08000030,"",All Ages,d,Female,"",Coronary Heart Disease,204,"",96.18059320795282,"",76.81170879839503
1026,2018,S08000030,"",All Ages,d,All,d,Coronary Heart Disease,528,"",127.92867007486734,"",123.53352765741589
1027,2018,S08000031,"",0-44 years,"",Male,"",Coronary Heart Disease,17,"",5.267740666028341,"",5.737557935290178
1028,2018,S08000031,"",0-44 years,"",Female,"",Coronary Heart Disease,3,"",0.9205955639568425,"",1.0857842736451606
1029,2018,S08000031,"",0-44 years,"",All,d,Coronary Heart Disease,20,"",3.08358837178825,"",3.4116711044676693
1030,2018,S08000031,"",45-64 years,"",Male,"",Coronary Heart Disease,186,"",121.73252876421849,"",120.52973399629188
1031,2018,S08000031,"",45-64 years,"",Female,"",Coronary Heart Disease,59,"",35.92632059674228,"",35.988051655199
1032,2018,S08000031,"",45-64 years,"",All,d,Coronary Heart Disease,245,"",77.28243417586958,"",78.25889282574545
1033,2018,S08000031,"",65-74 years,"",Male,"",Coronary Heart Disease,215,"",425.270986628689,"",432.0008496553263
1034,2018,S08000031,"",65-74 years,"",Female,"",Coronary Heart Disease,80,"",142.3994304022784,"",142.67367032517922
1035,2018,S08000031,"",65-74 years,"",All,d,Coronary Heart Disease,295,"",276.3828511467546,"",287.3372599902528
1036,2018,S08000031,"",75plus years,"",Male,"",Coronary Heart Disease,402,"",1175.026306559102,"",1228.9157177799011
1037,2018,S08000031,"",75plus years,"",Female,"",Coronary Heart Disease,356,"",661.980735616795,"",643.5107466304421
1038,2018,S08000031,"",75plus years,"",All,d,Coronary Heart Disease,758,"",861.4615297192863,"",936.2132322051716
1039,2018,S08000031,"",under75 years,"",Male,"",Coronary Heart Disease,418,"",79.45725750804553,"",88.3502747339377
1040,2018,S08000031,"",under75 years,"",Female,"",Coronary Heart Disease,142,"",25.993948169531794,"",27.586695143450484
1041,2018,S08000031,"",under75 years,"",All,d,Coronary Heart Disease,560,"",52.22175595654404,"",57.96848493869409
1042,2018,S08000031,"",All Ages,d,Male,"",Coronary Heart Disease,820,"",146.3551325138636,"",191.00116460807442
1043,2018,S08000031,"",All Ages,d,Female,"",Coronary Heart Disease,498,"",82.99183913581831,"",83.01985977727973
1044,2018,S08000031,"",All Ages,d,All,d,Coronary Heart Disease,1318,"",113.5873967974904,"",137.01051219267708
1045,2018,S08000032,"",0-44 years,"",Male,"",Coronary Heart Disease,11,"",6.344701885530042,"",7.0092859848351745
1046,2018,S08000032,"",0-44 years,"",Female,"",Coronary Heart Disease,1,"",0.5722264185492916,"",0.6192005236667286
1047,2018,S08000032,"",0-44 years,"",All,d,Coronary Heart Disease,12,"",3.446998095533552,"",3.814243254250951
1048,2018,S08000032,"",45-64 years,"",Male,"",Coronary Heart Disease,112,"",119.23392205082347,"",119.6833548571514
1049,2018,S08000032,"",45-64 years,"",Female,"",Coronary Heart Disease,31,"",30.993491366812968,"",30.869708989373226
1050,2018,S08000032,"",45-64 years,"",All,d,Coronary Heart Disease,143,"",73.72882229807067,"",75.27653192326231
1051,2018,S08000032,"",65-74 years,"",Male,"",Coronary Heart Disease,99,"",306.68194913416556,"",307.5437342212376
1052,2018,S08000032,"",65-74 years,"",Female,"",Coronary Heart Disease,63,"",175.6195467343127,"",176.10546973662142
1053,2018,S08000032,"",65-74 years,"",All,d,Coronary Heart Disease,162,"",237.69698036799014,"",241.82460197892954
1054,2018,S08000032,"",75plus years,"",Male,"",Coronary Heart Disease,244,"",1179.4276875483372,"",1258.0014056422006
1055,2018,S08000032,"",75plus years,"",Female,"",Coronary Heart Disease,246,"",800.1301024556838,"",810.7350073148972
1056,2018,S08000032,"",75plus years,"",All,d,Coronary Heart Disease,490,"",952.695740089048,"",1034.368206478549
1057,2018,S08000032,"",under75 years,"",Male,"",Coronary Heart Disease,222,"",74.10201377229319,"",74.49801710130338
1058,2018,S08000032,"",under75 years,"",Female,"",Coronary Heart Disease,95,"",30.58103975535168,"",29.676830205834275
1059,2018,S08000032,"",under75 years,"",All,d,Coronary Heart Disease,317,"",51.94703041605147,"",52.08742365356882
1060,2018,S08000032,"",All Ages,d,Male,"",Coronary Heart Disease,466,"",145.4999609710405,"",181.0133220699841
1061,2018,S08000032,"",All Ages,d,Female,"",Coronary Heart Disease,341,"",99.88429824689875,"",99.97206614564996
1062,2018,S08000032,"",All Ages,d,All,d,Coronary Heart Disease,807,"",121.96412108755119,"",140.49269410781702
1063,2018,S92000003,d,0-44 years,"",Male,"",Coronary Heart Disease,59,"",4.160704752864716,"",4.674033502462344
1064,2018,S92000003,d,0-44 years,"",Female,"",Coronary Heart Disease,16,"",1.1202748034092762,"",1.1962037271167734
1065,2018,S92000003,d,0-44 years,"",All,d,Coronary Heart Disease,75,"",2.635046113306983,"",2.935118614789559
1066,2018,S92000003,d,45-64 years,"",Male,"",Coronary Heart Disease,808,"",109.54134982599464,"",108.45110761130763
1067,2018,S92000003,d,45-64 years,"",Female,"",Coronary Heart Disease,231,"",29.632632327021113,"",29.454133213488227
1068,2018,S92000003,d,45-64 years,"",All,d,Coronary Heart Disease,1039,"",68.48290267320604,"",68.95262041239793
1069,2018,S92000003,d,65-74 years,"",Male,"",Coronary Heart Disease,974,"",353.4812825491299,"",354.9901355357214
1070,2018,S92000003,d,65-74 years,"",Female,"",Coronary Heart Disease,403,"",134.6232220047168,"",134.5209139031224
1071,2018,S92000003,d,65-74 years,"",All,d,Coronary Heart Disease,1377,"",239.52033313677708,"",244.75552471942189
1072,2018,S92000003,d,75plus years,"",Male,"",Coronary Heart Disease,2153,"",1151.959079502833,"",1238.279181661052
1073,2018,S92000003,d,75plus years,"",Female,"",Coronary Heart Disease,1971,"",738.5203364745115,"",718.892386954493
1074,2018,S92000003,d,75plus years,"",All,d,Coronary Heart Disease,4124,"",908.8024258237399,"",978.5857843077724
1075,2018,S92000003,d,under75 years,"",Male,"",Coronary Heart Disease,1841,"",75.72407807683054,"",75.31591850502959
1076,2018,S92000003,d,under75 years,"",Female,"",Coronary Heart Disease,650,"",25.92615194878907,"",24.808781619829983
1077,2018,S92000003,d,under75 years,"",All,d,Coronary Heart Disease,2491,"",50.44229652375425,"",50.06235006242979
1078,2018,S92000003,d,All Ages,d,Male,"",Coronary Heart Disease,3994,"",152.553728017405,"",179.9826121890716
1079,2018,S92000003,d,All Ages,d,Female,"",Coronary Heart Disease,2621,"",94.4842945545179,"",87.27630609994965
1080,2018,S92000003,d,All Ages,d,All,d,Coronary Heart Disease,6615,"",122.67947552901467,"",133.62945914451063
1081,2019,S08000015,"",0-44 years,"",Male,"",Coronary Heart Disease,4,"",4.640209737480133,"",5.497431398098472
1082,2019,S08000015,"",0-44 years,"",Female,"",Coronary Heart Disease,3,"",3.4198166978249964,"",3.61571278231483
1083,2019,S08000015,"",0-44 years,"",All,d,Coronary Heart Disease,7,"",4.024677019669172,"",4.55657209020665
1084,2019,S08000015,"",45-64 years,"",Male,"",Coronary Heart Disease,66,"",126.44404850853496,"",121.73677605738268
1085,2019,S08000015,"",45-64 years,"",Female,"",Coronary Heart Disease,21,"",36.76985572208993,"",35.289459772218756
1086,2019,S08000015,"",45-64 years,"",All,d,Coronary Heart Disease,87,"",79.59088455662388,"",78.51311791480072
1087,2019,S08000015,"",65-74 years,"",Male,"",Coronary Heart Disease,92,"",409.9091071110319,"",409.0360688561891
1088,2019,S08000015,"",65-74 years,"",Female,"",Coronary Heart Disease,35,"",141.8209814011913,"",141.04882174237295
1089,2019,S08000015,"",65-74 years,"",All,d,Coronary Heart Disease,127,"",269.50745920251256,"",275.04244529928104
1090,2019,S08000015,"",75plus years,"",Male,"",Coronary Heart Disease,183,"",1168.5823754789271,"",1266.5205713670746
1091,2019,S08000015,"",75plus years,"",Female,"",Coronary Heart Disease,163,"",760.5804675470114,"",748.1558115891964
1092,2019,S08000015,"",75plus years,"",All,d,Coronary Heart Disease,346,"",932.8408508802676,"",1007.3381914781356
1093,2019,S08000015,"",under75 years,"",Male,"",Coronary Heart Disease,162,"",100.71870881102187,"",85.90950092316422
1094,2019,S08000015,"",under75 years,"",Female,"",Coronary Heart Disease,59,"",34.805179482641655,"",28.69705277476609
1095,2019,S08000015,"",under75 years,"",All,d,Coronary Heart Disease,221,"",66.8969212281185,"",57.30327684896516
1096,2019,S08000015,"",All Ages,d,Male,"",Coronary Heart Disease,345,"",195.46299234011695,"",192.16449726311615
1097,2019,S08000015,"",All Ages,d,Female,"",Coronary Heart Disease,222,"",116.26323672661381,"",93.44834106806482
1098,2019,S08000015,"",All Ages,d,All,d,Coronary Heart Disease,567,"",154.3067083957001,"",142.80641916559048
1099,2019,S08000016,"",0-44 years,"",Male,"",Coronary Heart Disease,0,"",0,"",0
1100,2019,S08000016,"",0-44 years,"",Female,"",Coronary Heart Disease,1,"",3.8581735406458586,"",4.110007280584325
1101,2019,S08000016,"",0-44 years,"",All,d,Coronary Heart Disease,1,"",1.9500019500019499,"",2.0550036402921625
1102,2019,S08000016,"",45-64 years,"",Male,"",Coronary Heart Disease,15,"",86.02890571231934,"",82.34863104764995
1103,2019,S08000016,"",45-64 years,"",Female,"",Coronary Heart Disease,3,"",16.087516087516086,"",14.949145072510817
1104,2019,S08000016,"",45-64 years,"",All,d,Coronary Heart Disease,18,"",49.88360492184902,"",48.64888806008038
1105,2019,S08000016,"",65-74 years,"",Male,"",Coronary Heart Disease,15,"",188.48957024377984,"",188.83868169551184
1106,2019,S08000016,"",65-74 years,"",Female,"",Coronary Heart Disease,4,"",48.661800486618006,"",46.514332228617945
1107,2019,S08000016,"",65-74 years,"",All,d,Coronary Heart Disease,19,"",117.4434417109655,"",117.67650696206489
1108,2019,S08000016,"",75plus years,"",Male,"",Coronary Heart Disease,53,"",939.7163120567376,"",1041.5342070554054
1109,2019,S08000016,"",75plus years,"",Female,"",Coronary Heart Disease,51,"",698.0563920065699,"",686.9140503746845
1110,2019,S08000016,"",75plus years,"",All,d,Coronary Heart Disease,104,"",803.3369380503631,"",864.2241287150449
1111,2019,S08000016,"",under75 years,"",Male,"",Coronary Heart Disease,30,"",59.10514805839589,"",45.76972396225931
1112,2019,S08000016,"",under75 years,"",Female,"",Coronary Heart Disease,8,"",15.155246556917422,"",12.159266219489876
1113,2019,S08000016,"",under75 years,"",All,d,Coronary Heart Disease,38,"",36.69937417909294,"",28.9644950908746
1114,2019,S08000016,"",All Ages,d,Male,"",Coronary Heart Disease,83,"",147.17094880933385,"",135.3885274406425
1115,2019,S08000016,"",All Ages,d,Female,"",Coronary Heart Disease,59,"",98.18115254688566,"",72.88719679345739
1116,2019,S08000016,"",All Ages,d,All,d,Coronary Heart Disease,142,"",121.89887543995192,"",104.13786211704993
1117,2019,S08000017,"",0-44 years,"",Male,"",Coronary Heart Disease,0,"",0,"",0
1118,2019,S08000017,"",0-44 years,"",Female,"",Coronary Heart Disease,1,"",3.1108069433210974,"",3.447596532702916
1119,2019,S08000017,"",0-44 years,"",All,d,Coronary Heart Disease,1,"",1.5651656727864645,"",1.723798266351458
1120,2019,S08000017,"",45-64 years,"",Male,"",Coronary Heart Disease,22,"",102.78452625677444,"",96.25265700202779
1121,2019,S08000017,"",45-64 years,"",Female,"",Coronary Heart Disease,8,"",34.70113646221914,"",34.162762320291755
1122,2019,S08000017,"",45-64 years,"",All,d,Coronary Heart Disease,30,"",67.47941877727293,"",65.20770966115978
1123,2019,S08000017,"",65-74 years,"",Male,"",Coronary Heart Disease,33,"",319.95346131471786,"",318.4122987573553
1124,2019,S08000017,"",65-74 years,"",Female,"",Coronary Heart Disease,11,"",102.72693313410535,"",102.99675691708146
1125,2019,S08000017,"",65-74 years,"",All,d,Coronary Heart Disease,44,"",209.30453810293977,"",210.7045278372184
1126,2019,S08000017,"",75plus years,"",Male,"",Coronary Heart Disease,87,"",1125.776397515528,"",1238.3628872476677
1127,2019,S08000017,"",75plus years,"",Female,"",Coronary Heart Disease,59,"",607.5584388837401,"",603.1815545235353
1128,2019,S08000017,"",75plus years,"",All,d,Coronary Heart Disease,146,"",837.2039681174379,"",920.7722208856015
1129,2019,S08000017,"",under75 years,"",Male,"",Coronary Heart Disease,55,"",86.6646707530372,"",64.7695005220436
1130,2019,S08000017,"",under75 years,"",Female,"",Coronary Heart Disease,20,"",30.345329853735514,"",23.878564416297188
1131,2019,S08000017,"",under75 years,"",All,d,Coronary Heart Disease,75,"",57.9728068887154,"",44.32403246917039
1132,2019,S08000017,"",All Ages,d,Male,"",Coronary Heart Disease,142,"",199.46341531935215,"",170.39290532734975
1133,2019,S08000017,"",All Ages,d,Female,"",Coronary Heart Disease,79,"",104.47109853343737,"",76.01583352594862
1134,2019,S08000017,"",All Ages,d,All,d,Coronary Heart Disease,221,"",150.5347047203869,"",123.2043694266492
1135,2019,S08000019,"",0-44 years,"",Male,"",Coronary Heart Disease,4,"",5.12952038984355,"",5.809533658196963
1136,2019,S08000019,"",0-44 years,"",Female,"",Coronary Heart Disease,1,"",1.2771065873157774,"",1.3707267593277956
1137,2019,S08000019,"",0-44 years,"",All,d,Coronary Heart Disease,5,"",3.1993447741902457,"",3.590130208762379
1138,2019,S08000019,"",45-64 years,"",Male,"",Coronary Heart Disease,56,"",130.6914980512964,"",130.05467294007866
1139,2019,S08000019,"",45-64 years,"",Female,"",Coronary Heart Disease,17,"",37.51765536723164,"",37.50856249614344
1140,2019,S08000019,"",45-64 years,"",All,d,Coronary Heart Disease,73,"",82.80305350438402,"",83.78161771811105
1141,2019,S08000019,"",65-74 years,"",Male,"",Coronary Heart Disease,52,"",326.3871453678132,"",324.44385311847526
1142,2019,S08000019,"",65-74 years,"",Female,"",Coronary Heart Disease,35,"",202.2069443642036,"",201.582823361857
1143,2019,S08000019,"",65-74 years,"",All,d,Coronary Heart Disease,87,"",261.72497818958516,"",263.01333824016615
1144,2019,S08000019,"",75plus years,"",Male,"",Coronary Heart Disease,149,"",1383.6010771659392,"",1428.1679725903587
1145,2019,S08000019,"",75plus years,"",Female,"",Coronary Heart Disease,125,"",842.4883736604435,"",833.5600481218103
1146,2019,S08000019,"",75plus years,"",All,d,Coronary Heart Disease,274,"",1070.0617042880574,"",1130.8640103560845
1147,2019,S08000019,"",under75 years,"",Male,"",Coronary Heart Disease,112,"",81.89469220026177,"",78.75630888130452
1148,2019,S08000019,"",under75 years,"",Female,"",Coronary Heart Disease,53,"",37.60919083471116,"",34.99577798297803
1149,2019,S08000019,"",under75 years,"",All,d,Coronary Heart Disease,165,"",59.420060212327684,"",56.87604343214128
1150,2019,S08000019,"",All Ages,d,Male,"",Coronary Heart Disease,261,"",176.91317020267064,"",200.20335861511938
1151,2019,S08000019,"",All Ages,d,Female,"",Coronary Heart Disease,178,"",114.2783769902414,"",106.86656229547293
1152,2019,S08000019,"",All Ages,d,All,d,Coronary Heart Disease,439,"",144.74595271852024,"",153.53496045529616
1153,2019,S08000020,"",0-44 years,"",Male,"",Coronary Heart Disease,5,"",3.2114894245653245,"",3.510116912709334
1154,2019,S08000020,"",0-44 years,"",Female,"",Coronary Heart Disease,1,"",0.6463497398442297,"",0.7230165074997469
1155,2019,S08000020,"",0-44 years,"",All,d,Coronary Heart Disease,6,"",1.932952326952443,"",2.1165667101045402
1156,2019,S08000020,"",45-64 years,"",Male,"",Coronary Heart Disease,74,"",93.57730876718219,"",92.19506861246728
1157,2019,S08000020,"",45-64 years,"",Female,"",Coronary Heart Disease,19,"",23.54428183744532,"",23.51679683465442
1158,2019,S08000020,"",45-64 years,"",All,d,Coronary Heart Disease,93,"",58.2057604926836,"",57.85593272356085
1159,2019,S08000020,"",65-74 years,"",Male,"",Coronary Heart Disease,93,"",312.43700866760736,"",312.61257494341305
1160,2019,S08000020,"",65-74 years,"",Female,"",Coronary Heart Disease,45,"",144.07837863797906,"",142.9454327798414
1161,2019,S08000020,"",65-74 years,"",All,d,Coronary Heart Disease,138,"",226.23321693798258,"",227.77900386162725
1162,2019,S08000020,"",75plus years,"",Male,"",Coronary Heart Disease,238,"",1175.0185139471737,"",1257.665513707357
1163,2019,S08000020,"",75plus years,"",Female,"",Coronary Heart Disease,200,"",730.1401869158879,"",704.1263210554357
1164,2019,S08000020,"",75plus years,"",All,d,Coronary Heart Disease,438,"",919.2603941486348,"",980.8959173813964
1165,2019,S08000020,"",under75 years,"",Male,"",Coronary Heart Disease,172,"",65.01950585175553,"",65.00162272991786
1166,2019,S08000020,"",under75 years,"",Female,"",Coronary Heart Disease,65,"",24.376797788836928,"",23.771044524303992
1167,2019,S08000020,"",under75 years,"",All,d,Coronary Heart Disease,237,"",44.6173917463473,"",44.386333627110915
1168,2019,S08000020,"",All Ages,d,Male,"",Coronary Heart Disease,410,"",143.96522362012846,"",172.34137291788738
1169,2019,S08000020,"",All Ages,d,Female,"",Coronary Heart Disease,265,"",90.12409918412183,"",85.00301941210584
1170,2019,S08000020,"",All Ages,d,All,d,Coronary Heart Disease,675,"",116.61455004059913,"",128.67219616499662
1171,2019,S08000022,"",0-44 years,"",Male,"",Coronary Heart Disease,4,"",5.2573471426318275,"",5.725856462317698
1172,2019,S08000022,"",0-44 years,"",Female,"",Coronary Heart Disease,1,"",1.3664188893747267,"",1.3705576799199595
1173,2019,S08000022,"",0-44 years,"",All,d,Coronary Heart Disease,5,"",3.3496797706139296,"",3.548207071118829
1174,2019,S08000022,"",45-64 years,"",Male,"",Coronary Heart Disease,48,"",101.87838268067495,"",98.87395241925506
1175,2019,S08000022,"",45-64 years,"",Female,"",Coronary Heart Disease,15,"",30.018611539154275,"",29.086930983135527
1176,2019,S08000022,"",45-64 years,"",All,d,Coronary Heart Disease,63,"",64.89225825058712,"",63.980441701195296
1177,2019,S08000022,"",65-74 years,"",Male,"",Coronary Heart Disease,69,"",331.12582781456956,"",330.5889618134285
1178,2019,S08000022,"",65-74 years,"",Female,"",Coronary Heart Disease,26,"",120.40381587478002,"",120.22378315170403
1179,2019,S08000022,"",65-74 years,"",All,d,Coronary Heart Disease,95,"",223.88763197586727,"",225.40637248256627
1180,2019,S08000022,"",75plus years,"",Male,"",Coronary Heart Disease,146,"",1031.146267391765,"",1117.1626044668014
1181,2019,S08000022,"",75plus years,"",Female,"",Coronary Heart Disease,142,"",750.2509642309927,"",740.8533277557668
1182,2019,S08000022,"",75plus years,"",All,d,Coronary Heart Disease,288,"",870.4588043281145,"",929.0079661112841
1183,2019,S08000022,"",under75 years,"",Male,"",Coronary Heart Disease,121,"",84.00619285322522,"",70.33560535292763
1184,2019,S08000022,"",under75 years,"",Female,"",Coronary Heart Disease,42,"",29.01614541234015,"",23.155642954523753
1185,2019,S08000022,"",under75 years,"",All,d,Coronary Heart Disease,163,"",56.443570280901994,"",46.74562415372569
1186,2019,S08000022,"",All Ages,d,Male,"",Coronary Heart Disease,267,"",168.7779716301297,"",164.55003527317626
1187,2019,S08000022,"",All Ages,d,Female,"",Coronary Heart Disease,184,"",112.41858816916555,"",87.74843458663563
1188,2019,S08000022,"",All Ages,d,All,d,Coronary Heart Disease,451,"",140.1186814552459,"",126.14923492990596
1189,2019,S08000024,"",0-44 years,"",Male,"",Coronary Heart Disease,10,"",3.9704597792424363,"",4.339533800363537
1190,2019,S08000024,"",0-44 years,"",Female,"",Coronary Heart Disease,2,"",0.7749505000368101,"",0.8551232332201865
1191,2019,S08000024,"",0-44 years,"",All,d,Coronary Heart Disease,12,"",2.353213410963229,"",2.597328516791861
1192,2019,S08000024,"",45-64 years,"",Male,"",Coronary Heart Disease,100,"",88.33141948591114,"",88.76322677647619
1193,2019,S08000024,"",45-64 years,"",Female,"",Coronary Heart Disease,34,"",28.90296255366175,"",28.876794420318898
1194,2019,S08000024,"",45-64 years,"",All,d,Coronary Heart Disease,134,"",58.0476077021378,"",58.82001059839754
1195,2019,S08000024,"",65-74 years,"",Male,"",Coronary Heart Disease,118,"",299.85769465338484,"",299.6674754229715
1196,2019,S08000024,"",65-74 years,"",Female,"",Coronary Heart Disease,40,"",91.92232563483856,"",91.53765648328842
1197,2019,S08000024,"",65-74 years,"",All,d,Coronary Heart Disease,158,"",190.66697237742406,"",195.60256595312995
1198,2019,S08000024,"",75plus years,"",Male,"",Coronary Heart Disease,267,"",977.9861543533203,"",1040.9615294180085
1199,2019,S08000024,"",75plus years,"",Female,"",Coronary Heart Disease,240,"",615.447738229562,"",590.0966899603158
1200,2019,S08000024,"",75plus years,"",All,d,Coronary Heart Disease,507,"",764.7404859948414,"",815.5291096891622
1201,2019,S08000024,"",under75 years,"",Male,"",Coronary Heart Disease,228,"",56.37675497376503,"",63.000756337774185
1202,2019,S08000024,"",under75 years,"",Female,"",Coronary Heart Disease,76,"",18.12843038801997,"",19.478649448427134
1203,2019,S08000024,"",under75 years,"",All,d,Coronary Heart Disease,304,"",36.908746765931774,"",41.23970289310066
1204,2019,S08000024,"",All Ages,d,Male,"",Coronary Heart Disease,495,"",114.65685173131847,"",151.01722591499527
1205,2019,S08000024,"",All Ages,d,Female,"",Coronary Heart Disease,316,"",68.96145360269037,"",70.83427309449712
1206,2019,S08000024,"",All Ages,d,All,d,Coronary Heart Disease,811,"",91.12871509635373,"",110.92574950474621
1207,2019,S08000025,"",0-44 years,"",Male,"",Coronary Heart Disease,0,"",0,"",0
1208,2019,S08000025,"",0-44 years,"",Female,"",Coronary Heart Disease,0,"",0,"",0
1209,2019,S08000025,"",0-44 years,"",All,d,Coronary Heart Disease,0,"",0,"",0
1210,2019,S08000025,"",45-64 years,"",Male,"",Coronary Heart Disease,4,"",123.53304508956147,"",125.28724118125535
1211,2019,S08000025,"",45-64 years,"",Female,"",Coronary Heart Disease,0,"",0,"",0
1212,2019,S08000025,"",45-64 years,"",All,d,Coronary Heart Disease,4,"",60.57852491291837,"",62.64362059062768
1213,2019,S08000025,"",65-74 years,"",Male,"",Coronary Heart Disease,4,"",280.50490883590464,"",280.52518942680314
1214,2019,S08000025,"",65-74 years,"",Female,"",Coronary Heart Disease,0,"",0,"",0
1215,2019,S08000025,"",65-74 years,"",All,d,Coronary Heart Disease,4,"",140.74595355383534,"",140.26259471340157
1216,2019,S08000025,"",75plus years,"",Male,"",Coronary Heart Disease,17,"",1597.7443609022555,"",1855.3273502885152
1217,2019,S08000025,"",75plus years,"",Female,"",Coronary Heart Disease,7,"",533.9435545385202,"",528.7592979515127
1218,2019,S08000025,"",75plus years,"",All,d,Coronary Heart Disease,24,"",1010.5263157894736,"",1192.0433241200142
1219,2019,S08000025,"",under75 years,"",Male,"",Coronary Heart Disease,8,"",82.26221079691517,"",68.85303714598571
1220,2019,S08000025,"",under75 years,"",Female,"",Coronary Heart Disease,0,"",0,"",0
1221,2019,S08000025,"",under75 years,"",All,d,Coronary Heart Disease,8,"",41.0361631187484,"",34.426518572992855
1222,2019,S08000025,"",All Ages,d,Male,"",Coronary Heart Disease,25,"",231.71749003614792,"",229.63572532881338
1223,2019,S08000025,"",All Ages,d,Female,"",Coronary Heart Disease,7,"",63.17119393556538,"",47.58833681563615
1224,2019,S08000025,"",All Ages,d,All,d,Coronary Heart Disease,32,"",146.3191586648377,"",138.61203107222477
1225,2019,S08000026,"",0-44 years,"",Male,"",Coronary Heart Disease,0,"",0,"",0
1226,2019,S08000026,"",0-44 years,"",Female,"",Coronary Heart Disease,0,"",0,"",0
1227,2019,S08000026,"",0-44 years,"",All,d,Coronary Heart Disease,0,"",0,"",0
1228,2019,S08000026,"",45-64 years,"",Male,"",Coronary Heart Disease,2,"",61.14338122898196,"",59.42357945725676
1229,2019,S08000026,"",45-64 years,"",Female,"",Coronary Heart Disease,1,"",30.77870113881194,"",30.18867924528302
1230,2019,S08000026,"",45-64 years,"",All,d,Coronary Heart Disease,3,"",46.012269938650306,"",44.80612935126989
1231,2019,S08000026,"",65-74 years,"",Male,"",Coronary Heart Disease,3,"",225.22522522522522,"",223.55270893282585
1232,2019,S08000026,"",65-74 years,"",Female,"",Coronary Heart Disease,1,"",76.68711656441718,"",76.13510520487264
1233,2019,S08000026,"",65-74 years,"",All,d,Coronary Heart Disease,4,"",151.74506828528072,"",149.84390706884926
1234,2019,S08000026,"",75plus years,"",Male,"",Coronary Heart Disease,8,"",844.7729672650474,"",1061.4675540048675
1235,2019,S08000026,"",75plus years,"",Female,"",Coronary Heart Disease,5,"",437.82837127845886,"",441.75808996197657
1236,2019,S08000026,"",75plus years,"",All,d,Coronary Heart Disease,13,"",622.3073240785064,"",751.612821983422
1237,2019,S08000026,"",under75 years,"",Male,"",Coronary Heart Disease,5,"",47.01015419330575,"",43.09921208145028
1238,2019,S08000026,"",under75 years,"",Female,"",Coronary Heart Disease,2,"",19.636720667648504,"",17.576028622540253
1239,2019,S08000026,"",under75 years,"",All,d,Coronary Heart Disease,7,"",33.61990298256568,"",30.33762035199527
1240,2019,S08000026,"",All Ages,d,Male,"",Coronary Heart Disease,13,"",112.23344556677891,"",134.75236285455782
1241,2019,S08000026,"",All Ages,d,Female,"",Coronary Heart Disease,7,"",61.79924075218504,"",55.75241414308952
1242,2019,S08000026,"",All Ages,d,All,d,Coronary Heart Disease,20,"",87.29812309035356,"",95.25238849882368
1243,2019,S08000028,"",0-44 years,"",Male,"",Coronary Heart Disease,0,"",0,"",0
1244,2019,S08000028,"",0-44 years,"",Female,"",Coronary Heart Disease,0,"",0,"",0
1245,2019,S08000028,"",0-44 years,"",All,d,Coronary Heart Disease,0,"",0,"",0
1246,2019,S08000028,"",45-64 years,"",Male,"",Coronary Heart Disease,5,"",121.32977432661976,"",121.70958718612768
1247,2019,S08000028,"",45-64 years,"",Female,"",Coronary Heart Disease,1,"",24.906600249066003,"",23.198267862666253
1248,2019,S08000028,"",45-64 years,"",All,d,Coronary Heart Disease,6,"",73.74631268436578,"",72.45392752439697
1249,2019,S08000028,"",65-74 years,"",Male,"",Coronary Heart Disease,9,"",496.68874172185434,"",496.0971137118732
1250,2019,S08000028,"",65-74 years,"",Female,"",Coronary Heart Disease,1,"",54.91488193300385,"",55.370985603543744
1251,2019,S08000028,"",65-74 years,"",All,d,Coronary Heart Disease,10,"",275.25461051472615,"",275.7340496577085
1252,2019,S08000028,"",75plus years,"",Male,"",Coronary Heart Disease,13,"",1005.4137664346482,"",1032.2724945476252
1253,2019,S08000028,"",75plus years,"",Female,"",Coronary Heart Disease,16,"",858.3690987124463,"",839.4106973372079
1254,2019,S08000028,"",75plus years,"",All,d,Coronary Heart Disease,29,"",918.5936015204309,"",935.8415959424166
1255,2019,S08000028,"",under75 years,"",Male,"",Coronary Heart Disease,14,"",119.76047904191617,"",92.68487642205552
1256,2019,S08000028,"",under75 years,"",Female,"",Coronary Heart Disease,2,"",17.401896806751935,"",13.144499419756757
1257,2019,S08000028,"",under75 years,"",All,d,Coronary Heart Disease,16,"",69.01608937583575,"",52.91468792090615
1258,2019,S08000028,"",All Ages,d,Male,"",Coronary Heart Disease,27,"",207.96426095663563,"",177.24776205335678
1259,2019,S08000028,"",All Ages,d,Female,"",Coronary Heart Disease,18,"",134.76079958074416,"",87.50845723232737
1260,2019,S08000028,"",All Ages,d,All,d,Coronary Heart Disease,45,"",170.84282460136674,"",132.37810964284208
1261,2019,S08000029,"",0-44 years,"",Male,"",Coronary Heart Disease,5,"",5.3491382538273085,"",6.197721228198876
1262,2019,S08000029,"",0-44 years,"",Female,"",Coronary Heart Disease,2,"",2.1068377418913085,"",2.27002240836406
1263,2019,S08000029,"",0-44 years,"",All,d,Coronary Heart Disease,7,"",3.715459496183692,"",4.233871818281468
1264,2019,S08000029,"",45-64 years,"",Male,"",Coronary Heart Disease,57,"",111.52416356877323,"",108.98507773840366
1265,2019,S08000029,"",45-64 years,"",Female,"",Coronary Heart Disease,16,"",29.591817862361058,"",28.609669876417847
1266,2019,S08000029,"",45-64 years,"",All,d,Coronary Heart Disease,73,"",69.40548968900636,"",68.79737380741076
1267,2019,S08000029,"",65-74 years,"",Male,"",Coronary Heart Disease,63,"",304.86329542705056,"",304.575472610061
1268,2019,S08000029,"",65-74 years,"",Female,"",Coronary Heart Disease,33,"",145.7532794487876,"",144.85222635011033
1269,2019,S08000029,"",65-74 years,"",All,d,Coronary Heart Disease,96,"",221.6782893825336,"",224.71384948008566
1270,2019,S08000029,"",75plus years,"",Male,"",Coronary Heart Disease,176,"",1233.4431284602986,"",1343.7166066276181
1271,2019,S08000029,"",75plus years,"",Female,"",Coronary Heart Disease,136,"",698.7258528565558,"",684.7785569657999
1272,2019,S08000029,"",75plus years,"",All,d,Coronary Heart Disease,312,"",924.910325200842,"",1014.2475817967089
1273,2019,S08000029,"",under75 years,"",Male,"",Coronary Heart Disease,125,"",75.64388071262587,"",70.55850515160523
1274,2019,S08000029,"",under75 years,"",Female,"",Coronary Heart Disease,51,"",29.713526646041984,"",26.39215207091089
1275,2019,S08000029,"",under75 years,"",All,d,Coronary Heart Disease,176,"",52.24303698272715,"",48.47532861125807
1276,2019,S08000029,"",All Ages,d,Male,"",Coronary Heart Disease,301,"",167.67214247118656,"",185.1427342844464
1277,2019,S08000029,"",All Ages,d,Female,"",Coronary Heart Disease,187,"",97.85299027226155,"",85.64692851145091
1278,2019,S08000029,"",All Ages,d,All,d,Coronary Heart Disease,488,"",131.6712535750904,"",135.39483139794865
1279,2019,S08000030,"",0-44 years,"",Male,"",Coronary Heart Disease,6,"",5.718697280759443,"",6.8741596813002745
1280,2019,S08000030,"",0-44 years,"",Female,"",Coronary Heart Disease,1,"",0.9569286418311787,"",1.0381998208363736
1281,2019,S08000030,"",0-44 years,"",All,d,Coronary Heart Disease,7,"",3.3425651800210106,"",3.956179751068324
1282,2019,S08000030,"",45-64 years,"",Male,"",Coronary Heart Disease,66,"",119.21534626639212,"",115.07507413456914
1283,2019,S08000030,"",45-64 years,"",Female,"",Coronary Heart Disease,16,"",27.14532930677615,"",26.104475321874833
1284,2019,S08000030,"",45-64 years,"",All,d,Coronary Heart Disease,82,"",71.73852183650615,"",70.58977472822198
1285,2019,S08000030,"",65-74 years,"",Male,"",Coronary Heart Disease,77,"",329.0457672749028,"",328.3543176388436
1286,2019,S08000030,"",65-74 years,"",Female,"",Coronary Heart Disease,35,"",138.43293912905906,"",138.23742853602846
1287,2019,S08000030,"",65-74 years,"",All,d,Coronary Heart Disease,112,"",230.05504888669788,"",233.295873087436
1288,2019,S08000030,"",75plus years,"",Male,"",Coronary Heart Disease,203,"",1161.593041886015,"",1252.8529163037701
1289,2019,S08000030,"",75plus years,"",Female,"",Coronary Heart Disease,162,"",684.2372022301064,"",632.7727267522979
1290,2019,S08000030,"",75plus years,"",All,d,Coronary Heart Disease,365,"",886.9556765163296,"",942.812821528034
1291,2019,S08000030,"",under75 years,"",Male,"",Coronary Heart Disease,149,"",81.11845472065853,"",75.47708156663906
1292,2019,S08000030,"",under75 years,"",Female,"",Coronary Heart Disease,52,"",27.55317232389814,"",24.16839984596864
1293,2019,S08000030,"",under75 years,"",All,d,Coronary Heart Disease,201,"",53.97306180318361,"",49.82274070630384
1294,2019,S08000030,"",All Ages,d,Male,"",Coronary Heart Disease,352,"",174.98682627586274,"",181.44090669298086
1295,2019,S08000030,"",All Ages,d,Female,"",Coronary Heart Disease,214,"",100.75234696471786,"",78.94278926753827
1296,2019,S08000030,"",All Ages,d,All,d,Coronary Heart Disease,566,"",136.860431376342,"",130.19184798025955
1297,2019,S08000031,"",0-44 years,"",Male,"",Coronary Heart Disease,14,"",4.315925766076823,"",5.202802379618034
1298,2019,S08000031,"",0-44 years,"",Female,"",Coronary Heart Disease,5,"",1.5265450926154907,"",1.626189088987938
1299,2019,S08000031,"",0-44 years,"",All,d,Coronary Heart Disease,19,"",2.914481444723792,"",3.414495734302986
1300,2019,S08000031,"",45-64 years,"",Male,"",Coronary Heart Disease,196,"",128.04850163653825,"",125.24511678026721
1301,2019,S08000031,"",45-64 years,"",Female,"",Coronary Heart Disease,65,"",39.71187507255054,"",38.900385177145374
1302,2019,S08000031,"",45-64 years,"",All,d,Coronary Heart Disease,261,"",82.40040916065239,"",82.07275097870628
1303,2019,S08000031,"",65-74 years,"",Male,"",Coronary Heart Disease,210,"",409.1174751607247,"",411.14824663081913
1304,2019,S08000031,"",65-74 years,"",Female,"",Coronary Heart Disease,100,"",174.92915369275443,"",174.96124847617128
1305,2019,S08000031,"",65-74 years,"",All,d,Coronary Heart Disease,310,"",285.7248193481787,"",293.0547475534952
1306,2019,S08000031,"",75plus years,"",Male,"",Coronary Heart Disease,381,"",1085.0991114149008,"",1141.4254456123172
1307,2019,S08000031,"",75plus years,"",Female,"",Coronary Heart Disease,349,"",643.329830964626,"",618.6405217658233
1308,2019,S08000031,"",75plus years,"",All,d,Coronary Heart Disease,730,"",816.9111804926085,"",880.0329836890703
1309,2019,S08000031,"",under75 years,"",Male,"",Coronary Heart Disease,420,"",79.42856818658905,"",87.0000386021984
1310,2019,S08000031,"",under75 years,"",Female,"",Coronary Heart Disease,170,"",31.000288120324885,"",32.480961835159334
1311,2019,S08000031,"",under75 years,"",All,d,Coronary Heart Disease,590,"",54.77371492973647,"",59.74050021867887
1312,2019,S08000031,"",All Ages,d,Male,"",Coronary Heart Disease,801,"",142.04923309374718,"",181.8983252331091
1313,2019,S08000031,"",All Ages,d,Female,"",Coronary Heart Disease,519,"",86.12235347999024,"",85.23532222891909
1314,2019,S08000031,"",All Ages,d,All,d,Coronary Heart Disease,1320,"",113.1570826046703,"",133.5668237310141
1315,2019,S08000032,"",0-44 years,"",Male,"",Coronary Heart Disease,10,"",5.767212244945038,"",6.418421297509903
1316,2019,S08000032,"",0-44 years,"",Female,"",Coronary Heart Disease,3,"",1.7150501366323274,"",1.775407353492518
1317,2019,S08000032,"",0-44 years,"",All,d,Coronary Heart Disease,13,"",3.7322431355435866,"",4.09691432550121
1318,2019,S08000032,"",45-64 years,"",Male,"",Coronary Heart Disease,95,"",100.9521380600187,"",100.32214789661927
1319,2019,S08000032,"",45-64 years,"",Female,"",Coronary Heart Disease,31,"",30.955733301379027,"",30.541780478024943
1320,2019,S08000032,"",45-64 years,"",All,d,Coronary Heart Disease,126,"",64.86586665431126,"",65.43196418732211
1321,2019,S08000032,"",65-74 years,"",Male,"",Coronary Heart Disease,127,"",385.2804659770045,"",387.27960827440006
1322,2019,S08000032,"",65-74 years,"",Female,"",Coronary Heart Disease,52,"",142.83359885733122,"",142.91368622134465
1323,2019,S08000032,"",65-74 years,"",All,d,Coronary Heart Disease,179,"",258.04033501996565,"",265.0966472478724
1324,2019,S08000032,"",75plus years,"",Male,"",Coronary Heart Disease,250,"",1168.4973124561814,"",1274.137538666054
1325,2019,S08000032,"",75plus years,"",Female,"",Coronary Heart Disease,215,"",685.5211555017058,"",695.040799116614
1326,2019,S08000032,"",75plus years,"",All,d,Coronary Heart Disease,465,"",881.3829182304106,"",984.589168891334
1327,2019,S08000032,"",under75 years,"",Male,"",Coronary Heart Disease,232,"",77.21468010823368,"",77.70953358469393
1328,2019,S08000032,"",under75 years,"",Female,"",Coronary Heart Disease,86,"",27.61091722824918,"",26.437614121762373
1329,2019,S08000032,"",under75 years,"",All,d,Coronary Heart Disease,318,"",51.96655837576724,"",52.07357385322815
1330,2019,S08000032,"",All Ages,d,Male,"",Coronary Heart Disease,482,"",149.75641280572677,"",185.3880540420163
1331,2019,S08000032,"",All Ages,d,Female,"",Coronary Heart Disease,301,"",87.79759300419445,"",86.61190077129902
1332,2019,S08000032,"",All Ages,d,All,d,Coronary Heart Disease,783,"",117.79927484993004,"",135.99997740665768
1333,2019,S92000003,d,0-44 years,"",Male,"",Coronary Heart Disease,62,"",4.372531194836464,"",4.979423759589956
1334,2019,S92000003,d,0-44 years,"",Female,"",Coronary Heart Disease,21,"",1.470343178097768,"",1.5747837908311335
1335,2019,S92000003,d,0-44 years,"",All,d,Coronary Heart Disease,83,"",2.916188394202617,"",3.2771037752105445
1336,2019,S92000003,d,45-64 years,"",Male,"",Coronary Heart Disease,806,"",109.27880059059362,"",107.22986704099965
1337,2019,S92000003,d,45-64 years,"",Female,"",Coronary Heart Disease,247,"",31.67109249882355,"",31.131309958540793
1338,2019,S92000003,d,45-64 years,"",All,d,Coronary Heart Disease,1053,"",69.3925483078894,"",69.18058849977022
1339,2019,S92000003,d,65-74 years,"",Male,"",Coronary Heart Disease,965,"",345.2186325049279,"",345.1893876091083
1340,2019,S92000003,d,65-74 years,"",Female,"",Coronary Heart Disease,418,"",137.819614566676,"",137.33594748595814
1341,2019,S92000003,d,65-74 years,"",All,d,Coronary Heart Disease,1383,"",237.29127632852231,"",241.2626675475332
1342,2019,S92000003,d,75plus years,"",Male,"",Coronary Heart Disease,2171,"",1124.474278492552,"",1207.64839326796
1343,2019,S92000003,d,75plus years,"",Female,"",Coronary Heart Disease,1870,"",688.337646179726,"",669.5066788775692
1344,2019,S92000003,d,75plus years,"",All,d,Coronary Heart Disease,4041,"",869.5240533893364,"",938.5775360727648
1345,2019,S92000003,d,under75 years,"",Male,"",Coronary Heart Disease,1833,"",75.27600173960252,"",74.0106475769229
1346,2019,S92000003,d,under75 years,"",Female,"",Coronary Heart Disease,686,"",27.31518055095436,"",25.846653705590906
1347,2019,S92000003,d,under75 years,"",All,d,Coronary Heart Disease,2519,"",50.925277314315295,"",49.9286506412569
1348,2019,S92000003,d,All Ages,d,Male,"",Coronary Heart Disease,4004,"",152.35300541416314,"",176.03804468911625
1349,2019,S92000003,d,All Ages,d,Female,"",Coronary Heart Disease,2556,"",91.84026548879251,"",83.77605597106896
1350,2019,S92000003,d,All Ages,d,All,d,Coronary Heart Disease,6560,"",121.2300413956239,"",129.9070503300926
1351,2020,S08000015,"",0-44 years,"",Male,"",Coronary Heart Disease,1,"",1.1701380762930025,"",1.347921697303001
1352,2020,S08000015,"",0-44 years,"",Female,"",Coronary Heart Disease,1,"",1.1529769865793478,"",1.2567099333943736
1353,2020,S08000015,"",0-44 years,"",All,d,Coronary Heart Disease,2,"",1.1614941460695039,"",1.3023158153486873
1354,2020,S08000015,"",45-64 years,"",Male,"",Coronary Heart Disease,83,"",160.34929098566516,"",152.19970537738348
1355,2020,S08000015,"",45-64 years,"",Female,"",Coronary Heart Disease,28,"",49.26455063692026,"",47.77884120125651
1356,2020,S08000015,"",45-64 years,"",All,d,Coronary Heart Disease,111,"",102.21182710547156,"",99.98927328932
1357,2020,S08000015,"",65-74 years,"",Male,"",Coronary Heart Disease,97,"",428.35062927798634,"",425.90840158968746
1358,2020,S08000015,"",65-74 years,"",Female,"",Coronary Heart Disease,38,"",152.46960638767405,"",151.21554028335365
1359,2020,S08000015,"",65-74 years,"",All,d,Coronary Heart Disease,135,"",283.8042381432896,"",288.56197093652054
1360,2020,S08000015,"",75plus years,"",Male,"",Coronary Heart Disease,197,"",1236.5051468742154,"",1327.5768954945324
1361,2020,S08000015,"",75plus years,"",Female,"",Coronary Heart Disease,155,"",718.9239332096475,"",715.3297794478059
1362,2020,S08000015,"",75plus years,"",All,d,Coronary Heart Disease,352,"",938.866958284434,"",1021.4533374711692
1363,2020,S08000015,"",under75 years,"",Male,"",Coronary Heart Disease,181,"",113.21911338800378,"",94.2650349543598
1364,2020,S08000015,"",under75 years,"",Female,"",Coronary Heart Disease,67,"",39.76473520840876,"",32.107305507822055
1365,2020,S08000015,"",under75 years,"",All,d,Coronary Heart Disease,248,"",75.52732079011322,"",63.186170231090934
1366,2020,S08000015,"",All Ages,d,Male,"",Coronary Heart Disease,378,"",215.01828793110312,"",205.26310240297536
1367,2020,S08000015,"",All Ages,d,Female,"",Coronary Heart Disease,222,"",116.81075079846988,"",93.59732816242061
1368,2020,S08000015,"",All Ages,d,All,d,Coronary Heart Disease,600,"",164.00164001640016,"",149.430215282698
1369,2020,S08000016,"",0-44 years,"",Male,"",Coronary Heart Disease,1,"",3.964478274659055,"",4.496345113757532
1370,2020,S08000016,"",0-44 years,"",Female,"",Coronary Heart Disease,0,"",0,"",0
1371,2020,S08000016,"",0-44 years,"",All,d,Coronary Heart Disease,1,"",1.9654860647038013,"",2.248172556878766
1372,2020,S08000016,"",45-64 years,"",Male,"",Coronary Heart Disease,13,"",75.55943039814008,"",68.6050977508155
1373,2020,S08000016,"",45-64 years,"",Female,"",Coronary Heart Disease,3,"",16.146393972012916,"",15.117584991443698
1374,2020,S08000016,"",45-64 years,"",All,d,Coronary Heart Disease,16,"",44.71147128685203,"",41.8613413711296
1375,2020,S08000016,"",65-74 years,"",Male,"",Coronary Heart Disease,27,"",332.8812723461965,"",332.2888068069518
1376,2020,S08000016,"",65-74 years,"",Female,"",Coronary Heart Disease,5,"",60.067275348390204,"",59.42048019652548
1377,2020,S08000016,"",65-74 years,"",All,d,Coronary Heart Disease,32,"",194.7064192272589,"",195.85464350173865
1378,2020,S08000016,"",75plus years,"",Male,"",Coronary Heart Disease,55,"",942.1034600890715,"",1021.5589411922823
1379,2020,S08000016,"",75plus years,"",Female,"",Coronary Heart Disease,45,"",604.5137023105857,"",593.4097947363211
1380,2020,S08000016,"",75plus years,"",All,d,Coronary Heart Disease,100,"",752.8986598403854,"",807.4843679643016
1381,2020,S08000016,"",under75 years,"",Male,"",Coronary Heart Disease,41,"",81.12386228729719,"",60.98758459354409
1382,2020,S08000016,"",under75 years,"",Female,"",Coronary Heart Disease,8,"",15.221279348529244,"",11.25858290479973
1383,2020,S08000016,"",under75 years,"",All,d,Coronary Heart Disease,49,"",47.52759510368776,"",36.123083749171904
1384,2020,S08000016,"",All Ages,d,Male,"",Coronary Heart Disease,96,"",170.27918691688248,"",147.43900668743052
1385,2020,S08000016,"",All Ages,d,Female,"",Coronary Heart Disease,53,"",88.33038898703377,"",63.65219196963666
1386,2020,S08000016,"",All Ages,d,All,d,Coronary Heart Disease,149,"",128.02887094002406,"",105.54559932853358
1387,2020,S08000017,"",0-44 years,"",Male,"",Coronary Heart Disease,1,"",3.179650238473768,"",3.870696614799332
1388,2020,S08000017,"",0-44 years,"",Female,"",Coronary Heart Disease,1,"",3.1440608690184244,"",3.4902969744111374
1389,2020,S08000017,"",0-44 years,"",All,d,Coronary Heart Disease,2,"",3.161755406601745,"",3.6804967946052347
1390,2020,S08000017,"",45-64 years,"",Male,"",Coronary Heart Disease,18,"",85.33232198729496,"",84.38052396168294
1391,2020,S08000017,"",45-64 years,"",Female,"",Coronary Heart Disease,6,"",26.307712544394263,"",24.933968464815568
1392,2020,S08000017,"",45-64 years,"",All,d,Coronary Heart Disease,24,"",54.66845857725336,"",54.65724621324926
1393,2020,S08000017,"",65-74 years,"",Male,"",Coronary Heart Disease,33,"",316.2737205290397,"",314.97422171605893
1394,2020,S08000017,"",65-74 years,"",Female,"",Coronary Heart Disease,12,"",111.02886750555143,"",111.98600221200591
1395,2020,S08000017,"",65-74 years,"",All,d,Coronary Heart Disease,45,"",211.84445909048114,"",213.4801119640324
1396,2020,S08000017,"",75plus years,"",Male,"",Coronary Heart Disease,98,"",1247.77183600713,"",1385.6450503219185
1397,2020,S08000017,"",75plus years,"",Female,"",Coronary Heart Disease,74,"",752.26186845583,"",741.071785708817
1398,2020,S08000017,"",75plus years,"",All,d,Coronary Heart Disease,172,"",972.2457746876943,"",1063.3584180153678
1399,2020,S08000017,"",under75 years,"",Male,"",Coronary Heart Disease,52,"",82.56851598971069,"",63.21242670552067
1400,2020,S08000017,"",under75 years,"",Female,"",Coronary Heart Disease,19,"",29.042662142125618,"",22.253617847932702
1401,2020,S08000017,"",under75 years,"",All,d,Coronary Heart Disease,71,"",55.29638081293468,"",42.733022276726686
1402,2020,S08000017,"",All Ages,d,Male,"",Coronary Heart Disease,150,"",211.7686921165575,"",182.23136283099646
1403,2020,S08000017,"",All Ages,d,Female,"",Coronary Heart Disease,93,"",123.57490233596427,"",86.9472529554123
1404,2020,S08000017,"",All Ages,d,All,d,Coronary Heart Disease,243,"",166.33582038469436,"",134.58930789320436
1405,2020,S08000019,"",0-44 years,"",Male,"",Coronary Heart Disease,4,"",5.183159913441229,"",5.818847207451605
1406,2020,S08000019,"",0-44 years,"",Female,"",Coronary Heart Disease,0,"",0,"",0
1407,2020,S08000019,"",0-44 years,"",All,d,Coronary Heart Disease,4,"",2.580295572857871,"",2.9094236037258026
1408,2020,S08000019,"",45-64 years,"",Male,"",Coronary Heart Disease,66,"",154.4907656655977,"",150.88435954135963
1409,2020,S08000019,"",45-64 years,"",Female,"",Coronary Heart Disease,24,"",52.97194693976648,"",51.94401396339687
1410,2020,S08000019,"",45-64 years,"",All,d,Coronary Heart Disease,90,"",102.2401963011769,"",101.41418675237826
1411,2020,S08000019,"",65-74 years,"",Male,"",Coronary Heart Disease,68,"",422.93817639009825,"",420.20762175890263
1412,2020,S08000019,"",65-74 years,"",Female,"",Coronary Heart Disease,31,"",177.06191455334704,"",175.17156477966248
1413,2020,S08000019,"",65-74 years,"",All,d,Coronary Heart Disease,99,"",294.7656761745966,"",297.6895932692826
1414,2020,S08000019,"",75plus years,"",Male,"",Coronary Heart Disease,136,"",1249.5406100698274,"",1369.6942827737664
1415,2020,S08000019,"",75plus years,"",Female,"",Coronary Heart Disease,124,"",828.8216028340352,"",838.1522658742651
1416,2020,S08000019,"",75plus years,"",All,d,Coronary Heart Disease,260,"",1005.9972915457535,"",1103.923274324016
1417,2020,S08000019,"",under75 years,"",Male,"",Coronary Heart Disease,138,"",101.49148354072898,"",95.87728907161423
1418,2020,S08000019,"",under75 years,"",Female,"",Coronary Heart Disease,55,"",39.10054527487683,"",35.33865714523597
1419,2020,S08000019,"",under75 years,"",All,d,Coronary Heart Disease,193,"",69.76702152656027,"",65.6079731084251
1420,2020,S08000019,"",All Ages,d,Male,"",Coronary Heart Disease,274,"",186.57732745001906,"",210.52081850480798
1421,2020,S08000019,"",All Ages,d,Female,"",Coronary Heart Disease,179,"",115.02081941088778,"",107.59188193084857
1422,2020,S08000019,"",All Ages,d,All,d,Coronary Heart Disease,453,"",149.76196773340385,"",159.05635021782828
1423,2020,S08000020,"",0-44 years,"",Male,"",Coronary Heart Disease,2,"",1.2961174800883952,"",1.2697717078089739
1424,2020,S08000020,"",0-44 years,"",Female,"",Coronary Heart Disease,3,"",1.9517907680296671,"",2.0343973715651433
1425,2020,S08000020,"",0-44 years,"",All,d,Coronary Heart Disease,5,"",1.6233133774008806,"",1.652084539687059
1426,2020,S08000020,"",45-64 years,"",Male,"",Coronary Heart Disease,78,"",99.14582062233069,"",97.56696182447116
1427,2020,S08000020,"",45-64 years,"",Female,"",Coronary Heart Disease,19,"",23.537573400064417,"",23.33070670957985
1428,2020,S08000020,"",45-64 years,"",All,d,Coronary Heart Disease,97,"",60.85549016901515,"",60.4488342670255
1429,2020,S08000020,"",65-74 years,"",Male,"",Coronary Heart Disease,96,"",314.3418467583497,"",314.0084387392691
1430,2020,S08000020,"",65-74 years,"",Female,"",Coronary Heart Disease,29,"",90.77250532114687,"",90.80339833330683
1431,2020,S08000020,"",65-74 years,"",All,d,Coronary Heart Disease,125,"",200.03840737421586,"",202.40591853628794
1432,2020,S08000020,"",75plus years,"",Male,"",Coronary Heart Disease,229,"",1114.3010072502555,"",1186.0804705260766
1433,2020,S08000020,"",75plus years,"",Female,"",Coronary Heart Disease,196,"",708.9889672635196,"",683.2806148685252
1434,2020,S08000020,"",75plus years,"",All,d,Coronary Heart Disease,425,"",881.8159183334716,"",934.6805426973007
1435,2020,S08000020,"",under75 years,"",Male,"",Coronary Heart Disease,176,"",66.78835302198323,"",65.39759084980764
1436,2020,S08000020,"",under75 years,"",Female,"",Coronary Heart Disease,51,"",19.145940872829655,"",18.47864690514402
1437,2020,S08000020,"",under75 years,"",All,d,Coronary Heart Disease,227,"",42.83875643053139,"",41.93811887747583
1438,2020,S08000020,"",All Ages,d,Male,"",Coronary Heart Disease,405,"",142.57049318829866,"",166.25905002067182
1439,2020,S08000020,"",All Ages,d,Female,"",Coronary Heart Disease,247,"",84.00789061968572,"",78.31082402184833
1440,2020,S08000020,"",All Ages,d,All,d,Coronary Heart Disease,652,"",112.78520645574218,"",122.28493702126008
1441,2020,S08000022,"",0-44 years,"",Male,"",Coronary Heart Disease,6,"",7.951337812586968,"",8.739076154806492
1442,2020,S08000022,"",0-44 years,"",Female,"",Coronary Heart Disease,0,"",0,"",0
1443,2020,S08000022,"",0-44 years,"",All,d,Coronary Heart Disease,6,"",4.062701019060839,"",4.369538077403246
1444,2020,S08000022,"",45-64 years,"",Male,"",Coronary Heart Disease,59,"",125.78884530104044,"",120.62172407173921
1445,2020,S08000022,"",45-64 years,"",Female,"",Coronary Heart Disease,13,"",26.1086118251928,"",24.78831702267934
1446,2020,S08000022,"",45-64 years,"",All,d,Coronary Heart Disease,72,"",74.46016381236039,"",72.70502054720927
1447,2020,S08000022,"",65-74 years,"",Male,"",Coronary Heart Disease,75,"",354.4758483788638,"",351.36924618995414
1448,2020,S08000022,"",65-74 years,"",Female,"",Coronary Heart Disease,21,"",95.90792838874681,"",95.17018489005567
1449,2020,S08000022,"",65-74 years,"",All,d,Coronary Heart Disease,96,"",222.9757978352766,"",223.26971554000488
1450,2020,S08000022,"",75plus years,"",Male,"",Coronary Heart Disease,154,"",1060.6791101315519,"",1170.540526651684
1451,2020,S08000022,"",75plus years,"",Female,"",Coronary Heart Disease,110,"",575.4341912534003,"",574.6994038319147
1452,2020,S08000022,"",75plus years,"",All,d,Coronary Heart Disease,264,"",784.8966850007433,"",872.6199652417994
1453,2020,S08000022,"",under75 years,"",Male,"",Coronary Heart Disease,140,"",97.54670048285617,"",80.85453720060612
1454,2020,S08000022,"",under75 years,"",Female,"",Coronary Heart Disease,34,"",23.625220617869005,"",18.19975101589656
1455,2020,S08000022,"",under75 years,"",All,d,Coronary Heart Disease,174,"",60.535425400525334,"",49.52714410825134
1456,2020,S08000022,"",All Ages,d,Male,"",Coronary Heart Disease,294,"",186.02885345482156,"",178.92627625120315
1457,2020,S08000022,"",All Ages,d,Female,"",Coronary Heart Disease,144,"",88.32730172360915,"",68.2847197693382
1458,2020,S08000022,"",All Ages,d,All,d,Coronary Heart Disease,438,"",136.41884947207774,"",123.60549801027065
1459,2020,S08000024,"",0-44 years,"",Male,"",Coronary Heart Disease,13,"",5.161864147676963,"",5.5820201591977785
1460,2020,S08000024,"",0-44 years,"",Female,"",Coronary Heart Disease,2,"",0.7736255574939174,"",0.8431705242599186
1461,2020,S08000024,"",0-44 years,"",All,d,Coronary Heart Disease,15,"",2.9390442228187394,"",3.2125953417288486
1462,2020,S08000024,"",45-64 years,"",Male,"",Coronary Heart Disease,118,"",103.77823119679167,"",103.3544611783131
1463,2020,S08000024,"",45-64 years,"",Female,"",Coronary Heart Disease,29,"",24.53759328516068,"",24.636238551332067
1464,2020,S08000024,"",45-64 years,"",All,d,Coronary Heart Disease,147,"",63.39212557678209,"",63.9953498648226
1465,2020,S08000024,"",65-74 years,"",Male,"",Coronary Heart Disease,123,"",308.89776237474575,"",308.7792204329193
1466,2020,S08000024,"",65-74 years,"",Female,"",Coronary Heart Disease,60,"",135.74660633484163,"",134.44521831260047
1467,2020,S08000024,"",65-74 years,"",All,d,Coronary Heart Disease,183,"",217.80787678977376,"",221.61221937275988
1468,2020,S08000024,"",75plus years,"",Male,"",Coronary Heart Disease,314,"",1129.0496566106935,"",1192.8423580139859
1469,2020,S08000024,"",75plus years,"",Female,"",Coronary Heart Disease,244,"",624.5200921423086,"",596.6968202451222
1470,2020,S08000024,"",75plus years,"",All,d,Coronary Heart Disease,558,"",834.3176686951451,"",894.7695891295541
1471,2020,S08000024,"",under75 years,"",Male,"",Coronary Heart Disease,254,"",62.658805535683456,"",69.03850686118274
1472,2020,S08000024,"",under75 years,"",Female,"",Coronary Heart Disease,91,"",21.619875079886626,"",23.187542002226813
1473,2020,S08000024,"",under75 years,"",All,d,Coronary Heart Disease,345,"",41.75345131608089,"",46.11302443170479
1474,2020,S08000024,"",All Ages,d,Male,"",Coronary Heart Disease,568,"",131.12301786089418,"",170.18085346493504
1475,2020,S08000024,"",All Ages,d,Female,"",Coronary Heart Disease,335,"",72.82941177749419,"",74.80337704408741
1476,2020,S08000024,"",All Ages,d,All,d,Coronary Heart Disease,903,"",101.10170630122262,"",122.4921152545112
1477,2020,S08000025,"",0-44 years,"",Male,"",Coronary Heart Disease,0,"",0,"",0
1478,2020,S08000025,"",0-44 years,"",Female,"",Coronary Heart Disease,0,"",0,"",0
1479,2020,S08000025,"",0-44 years,"",All,d,Coronary Heart Disease,0,"",0,"",0
1480,2020,S08000025,"",45-64 years,"",Male,"",Coronary Heart Disease,6,"",185.64356435643563,"",181.11103522581274
1481,2020,S08000025,"",45-64 years,"",Female,"",Coronary Heart Disease,1,"",29.446407538280326,"",27.411028370414368
1482,2020,S08000025,"",45-64 years,"",All,d,Coronary Heart Disease,7,"",105.61255280627641,"",104.26103179811356
1483,2020,S08000025,"",65-74 years,"",Male,"",Coronary Heart Disease,2,"",138.31258644536655,"",138.02622498274673
1484,2020,S08000025,"",65-74 years,"",Female,"",Coronary Heart Disease,0,"",0,"",0
1485,2020,S08000025,"",65-74 years,"",All,d,Coronary Heart Disease,2,"",69.34812760055479,"",69.01311249137336
1486,2020,S08000025,"",75plus years,"",Male,"",Coronary Heart Disease,9,"",827.2058823529412,"",995.273944203124
1487,2020,S08000025,"",75plus years,"",Female,"",Coronary Heart Disease,9,"",664.6971935007385,"",635.3737285940675
1488,2020,S08000025,"",75plus years,"",All,d,Coronary Heart Disease,18,"",737.1007371007371,"",815.3238363985956
1489,2020,S08000025,"",under75 years,"",Male,"",Coronary Heart Disease,8,"",82.06811653672548,"",68.66722852530636
1490,2020,S08000025,"",under75 years,"",Female,"",Coronary Heart Disease,1,"",10.224948875255624,"",7.98233243753825
1491,2020,S08000025,"",under75 years,"",All,d,Coronary Heart Disease,9,"",46.087668988119624,"",38.3247804814223
1492,2020,S08000025,"",All Ages,d,Male,"",Coronary Heart Disease,17,"",156.8844592100406,"",152.06183293630994
1493,2020,S08000025,"",All Ages,d,Female,"",Coronary Heart Disease,10,"",89.81498113885395,"",64.4475580916259
1494,2020,S08000025,"",All Ages,d,All,d,Coronary Heart Disease,27,"",122.89485662266726,"",108.25469551396792
1495,2020,S08000026,"",0-44 years,"",Male,"",Coronary Heart Disease,1,"",16.818028927009756,"",18.67862098409649
1496,2020,S08000026,"",0-44 years,"",Female,"",Coronary Heart Disease,0,"",0,"",0
1497,2020,S08000026,"",0-44 years,"",All,d,Coronary Heart Disease,1,"",8.637070305752289,"",9.339310492048245
1498,2020,S08000026,"",45-64 years,"",Male,"",Coronary Heart Disease,3,"",92.73570324574962,"",87.37752218071815
1499,2020,S08000026,"",45-64 years,"",Female,"",Coronary Heart Disease,0,"",0,"",0
1500,2020,S08000026,"",45-64 years,"",All,d,Coronary Heart Disease,3,"",46.41807210273867,"",43.68876109035907
1501,2020,S08000026,"",65-74 years,"",Male,"",Coronary Heart Disease,6,"",440.20542920029345,"",421.4075010535188
1502,2020,S08000026,"",65-74 years,"",Female,"",Coronary Heart Disease,2,"",152.55530129672007,"",155.8724962980282
1503,2020,S08000026,"",65-74 years,"",All,d,Coronary Heart Disease,8,"",299.17726252804783,"",288.6399986757735
1504,2020,S08000026,"",75plus years,"",Male,"",Coronary Heart Disease,8,"",825.5933952528379,"",974.6375972250352
1505,2020,S08000026,"",75plus years,"",Female,"",Coronary Heart Disease,11,"",912.106135986733,"",956.0306792806982
1506,2020,S08000026,"",75plus years,"",All,d,Coronary Heart Disease,19,"",873.5632183908045,"",965.3341382528668
1507,2020,S08000026,"",under75 years,"",Male,"",Coronary Heart Disease,10,"",94.84066767830046,"",85.15306189002405
1508,2020,S08000026,"",under75 years,"",Female,"",Coronary Heart Disease,2,"",19.663749877101566,"",17.98528803438787
1509,2020,S08000026,"",under75 years,"",All,d,Coronary Heart Disease,12,"",57.92903692976104,"",51.56917496220596
1510,2020,S08000026,"",All Ages,d,Male,"",Coronary Heart Disease,18,"",156.345001302875,"",165.20667007017505
1511,2020,S08000026,"",All Ages,d,Female,"",Coronary Heart Disease,13,"",114.26562362661511,"",102.4093732465558
1512,2020,S08000026,"",All Ages,d,All,d,Coronary Heart Disease,31,"",135.43031891655747,"",133.80802165836542
1513,2020,S08000028,"",0-44 years,"",Male,"",Coronary Heart Disease,0,"",0,"",0
1514,2020,S08000028,"",0-44 years,"",Female,"",Coronary Heart Disease,0,"",0,"",0
1515,2020,S08000028,"",0-44 years,"",All,d,Coronary Heart Disease,0,"",0,"",0
1516,2020,S08000028,"",45-64 years,"",Male,"",Coronary Heart Disease,9,"",221.94821208384712,"",224.36090649957563
1517,2020,S08000028,"",45-64 years,"",Female,"",Coronary Heart Disease,1,"",25.06265664160401,"",31.33463148235189
1518,2020,S08000028,"",45-64 years,"",All,d,Coronary Heart Disease,10,"",124.3008079552517,"",127.84776899096376
1519,2020,S08000028,"",65-74 years,"",Male,"",Coronary Heart Disease,10,"",541.7118093174431,"",527.8381982025501
1520,2020,S08000028,"",65-74 years,"",Female,"",Coronary Heart Disease,1,"",53.676865271068166,"",51.64755707055056
1521,2020,S08000028,"",65-74 years,"",All,d,Coronary Heart Disease,11,"",296.57589646805064,"",289.7428776365503
1522,2020,S08000028,"",75plus years,"",Male,"",Coronary Heart Disease,10,"",772.7975270479135,"",844.7282593733627
1523,2020,S08000028,"",75plus years,"",Female,"",Coronary Heart Disease,12,"",650.0541711809318,"",654.0372211436006
1524,2020,S08000028,"",75plus years,"",All,d,Coronary Heart Disease,22,"",700.6369426751593,"",749.3827402584816
1525,2020,S08000028,"",under75 years,"",Male,"",Coronary Heart Disease,19,"",164.5306546588154,"",126.24027586115966
1526,2020,S08000028,"",under75 years,"",Female,"",Coronary Heart Disease,2,"",17.5561797752809,"",15.084253665089076
1527,2020,S08000028,"",under75 years,"",All,d,Coronary Heart Disease,21,"",91.54315605928508,"",70.66226476312437
1528,2020,S08000028,"",All Ages,d,Male,"",Coronary Heart Disease,29,"",225.82152312723875,"",190.90419437725794
1529,2020,S08000028,"",All Ages,d,Female,"",Coronary Heart Disease,14,"",105.75615651911164,"",72.59002073815512
1530,2020,S08000028,"",All Ages,d,All,d,Coronary Heart Disease,43,"",164.87730061349694,"",131.74710755770653
1531,2020,S08000029,"",0-44 years,"",Male,"",Coronary Heart Disease,8,"",8.585072704834468,"",9.923776720311187
1532,2020,S08000029,"",0-44 years,"",Female,"",Coronary Heart Disease,4,"",4.2339243186028055,"",4.4566713893328425
1533,2020,S08000029,"",0-44 years,"",All,d,Coronary Heart Disease,12,"",6.394543323031013,"",7.190224054822015
1534,2020,S08000029,"",45-64 years,"",Male,"",Coronary Heart Disease,58,"",113.9735502760911,"",110.78205605911623
1535,2020,S08000029,"",45-64 years,"",Female,"",Coronary Heart Disease,16,"",29.62304673035622,"",28.277243894120065
1536,2020,S08000029,"",45-64 years,"",All,d,Coronary Heart Disease,74,"",70.54270216680489,"",69.52964997661815
1537,2020,S08000029,"",65-74 years,"",Male,"",Coronary Heart Disease,86,"",413.4416614585837,"",411.74710750018437
1538,2020,S08000029,"",65-74 years,"",Female,"",Coronary Heart Disease,23,"",100.47178053468461,"",101.08647901173225
1539,2020,S08000029,"",65-74 years,"",All,d,Coronary Heart Disease,109,"",249.46787814981806,"",256.4167932559583
1540,2020,S08000029,"",75plus years,"",Male,"",Coronary Heart Disease,144,"",980.7928075194116,"",1027.0036257799904
1541,2020,S08000029,"",75plus years,"",Female,"",Coronary Heart Disease,106,"",534.7054075867635,"",522.311965188464
1542,2020,S08000029,"",75plus years,"",All,d,Coronary Heart Disease,250,"",724.5116791282676,"",774.6577954842272
1543,2020,S08000029,"",under75 years,"",Male,"",Coronary Heart Disease,152,"",92.19105382865807,"",85.65882480456395
1544,2020,S08000029,"",under75 years,"",Female,"",Coronary Heart Disease,43,"",25.090588695231038,"",22.543024701553225
1545,2020,S08000029,"",under75 years,"",All,d,Coronary Heart Disease,195,"",57.991875189588825,"",54.100924753058585
1546,2020,S08000029,"",All Ages,d,Male,"",Coronary Heart Disease,296,"",164.85015900243377,"",170.37985689235234
1547,2020,S08000029,"",All Ages,d,Female,"",Coronary Heart Disease,149,"",77.92764757875138,"",67.5222293453752
1548,2020,S08000029,"",All Ages,d,All,d,Coronary Heart Disease,445,"",120.02373503074764,"",118.95104311886377
1549,2020,S08000030,"",0-44 years,"",Male,"",Coronary Heart Disease,3,"",2.8741413502716067,"",3.1244350605568036
1550,2020,S08000030,"",0-44 years,"",Female,"",Coronary Heart Disease,2,"",1.9233173377441413,"",2.267243194221769
1551,2020,S08000030,"",0-44 years,"",All,d,Coronary Heart Disease,5,"",2.3996237389977253,"",2.695839127389286
1552,2020,S08000030,"",45-64 years,"",Male,"",Coronary Heart Disease,51,"",92.99442033477992,"",89.52445470658016
1553,2020,S08000030,"",45-64 years,"",Female,"",Coronary Heart Disease,15,"",25.57370341323695,"",25.618773761916103
1554,2020,S08000030,"",45-64 years,"",All,d,Coronary Heart Disease,66,"",58.15182913935293,"",57.57161423424813
1555,2020,S08000030,"",65-74 years,"",Male,"",Coronary Heart Disease,69,"",291.4220551590151,"",290.54933292254424
1556,2020,S08000030,"",65-74 years,"",Female,"",Coronary Heart Disease,31,"",121.64972726915983,"",118.8034226800835
1557,2020,S08000030,"",65-74 years,"",All,d,Coronary Heart Disease,100,"",203.41741253051262,"",204.6763778013139
1558,2020,S08000030,"",75plus years,"",Male,"",Coronary Heart Disease,192,"",1087.4490258269145,"",1135.612586993369
1559,2020,S08000030,"",75plus years,"",Female,"",Coronary Heart Disease,175,"",735.5413584398117,"",690.1475859226471
1560,2020,S08000030,"",75plus years,"",All,d,Coronary Heart Disease,367,"",885.4468249372708,"",912.8800864580079
1561,2020,S08000030,"",under75 years,"",Male,"",Coronary Heart Disease,123,"",67.25059869435422,"",61.449291633858856
1562,2020,S08000030,"",under75 years,"",Female,"",Coronary Heart Disease,48,"",25.515085794475983,"",22.513896432083836
1563,2020,S08000030,"",under75 years,"",All,d,Coronary Heart Disease,171,"",46.08891116968805,"",41.981594032971344
1564,2020,S08000030,"",All Ages,d,Male,"",Coronary Heart Disease,315,"",157.0649301435025,"",158.12398821621477
1565,2020,S08000030,"",All Ages,d,Female,"",Coronary Heart Disease,223,"",105.23037429925064,"",82.60092848623452
1566,2020,S08000030,"",All Ages,d,All,d,Coronary Heart Disease,538,"",130.43372851358887,"",120.36245835122463
1567,2020,S08000031,"",0-44 years,"",Male,"",Coronary Heart Disease,15,"",4.62838682205704,"",5.3795029476614475
1568,2020,S08000031,"",0-44 years,"",Female,"",Coronary Heart Disease,3,"",0.9153820804803925,"",0.9623780755227477
1569,2020,S08000031,"",0-44 years,"",All,d,Coronary Heart Disease,18,"",2.7615028098291092,"",3.170940511592098
1570,2020,S08000031,"",45-64 years,"",Male,"",Coronary Heart Disease,199,"",130.73956547161507,"",125.11655210235683
1571,2020,S08000031,"",45-64 years,"",Female,"",Coronary Heart Disease,59,"",36.279561693702114,"",35.257237288157064
1572,2020,S08000031,"",45-64 years,"",All,d,Coronary Heart Disease,258,"",81.9471663114564,"",80.18689469525695
1573,2020,S08000031,"",65-74 years,"",Male,"",Coronary Heart Disease,215,"",408.45016907937236,"",410.7489836296596
1574,2020,S08000031,"",65-74 years,"",Female,"",Coronary Heart Disease,95,"",162.60162601626016,"",162.69039149936916
1575,2020,S08000031,"",65-74 years,"",All,d,Coronary Heart Disease,310,"",279.1208593320908,"",286.7196875645144
1576,2020,S08000031,"",75plus years,"",Male,"",Coronary Heart Disease,392,"",1113.668001931873,"",1161.1400492973457
1577,2020,S08000031,"",75plus years,"",Female,"",Coronary Heart Disease,365,"",680.0566403338798,"",659.6082353002128
1578,2020,S08000031,"",75plus years,"",All,d,Coronary Heart Disease,757,"",851.7964240303362,"",910.3741422987792
1579,2020,S08000031,"",under75 years,"",Male,"",Coronary Heart Disease,429,"",81.10622079041698,"",87.02138591206155
1580,2020,S08000031,"",under75 years,"",Female,"",Coronary Heart Disease,157,"",28.60875792435261,"",29.610267197338093
1581,2020,S08000031,"",under75 years,"",All,d,Coronary Heart Disease,586,"",54.374099370986315,"",58.31582655469982
1582,2020,S08000031,"",All Ages,d,Male,"",Coronary Heart Disease,821,"",145.53254096980334,"",183.69206561673712
1583,2020,S08000031,"",All Ages,d,Female,"",Coronary Heart Disease,522,"",86.64547559568764,"",86.31008432659681
1584,2020,S08000031,"",All Ages,d,All,d,Coronary Heart Disease,1343,"",115.12185086448538,"",135.00107497166695
1585,2020,S08000032,"",0-44 years,"",Male,"",Coronary Heart Disease,9,"",5.210051926850871,"",5.788799851449698
1586,2020,S08000032,"",0-44 years,"",Female,"",Coronary Heart Disease,2,"",1.1468415982384512,"",1.230174421159
1587,2020,S08000032,"",0-44 years,"",All,d,Coronary Heart Disease,11,"",3.1687960015555907,"",3.5094871363043496
1588,2020,S08000032,"",45-64 years,"",Male,"",Coronary Heart Disease,125,"",132.8035357613361,"",130.17903463080273
1589,2020,S08000032,"",45-64 years,"",Female,"",Coronary Heart Disease,33,"",33.030387956920364,"",32.127324677516256
1590,2020,S08000032,"",45-64 years,"",All,d,Coronary Heart Disease,158,"",81.42986723839367,"",81.1531796541595
1591,2020,S08000032,"",65-74 years,"",Male,"",Coronary Heart Disease,142,"",423.95652952767665,"",425.9270417987459
1592,2020,S08000032,"",65-74 years,"",Female,"",Coronary Heart Disease,65,"",174.35154636409968,"",174.65276427407179
1593,2020,S08000032,"",65-74 years,"",All,d,Coronary Heart Disease,207,"",292.4761568350406,"",300.2899030364088
1594,2020,S08000032,"",75plus years,"",Male,"",Coronary Heart Disease,265,"",1223.114557370996,"",1340.6671183373956
1595,2020,S08000032,"",75plus years,"",Female,"",Coronary Heart Disease,221,"",703.552782376162,"",703.9184974335088
1596,2020,S08000032,"",75plus years,"",All,d,Coronary Heart Disease,486,"",915.6335958400845,"",1022.2928078854521
1597,2020,S08000032,"",under75 years,"",Male,"",Coronary Heart Disease,276,"",91.88942639024374,"",90.4898192151801
1598,2020,S08000032,"",under75 years,"",Female,"",Coronary Heart Disease,100,"",32.09438316200282,"",30.237995028291433
1599,2020,S08000032,"",under75 years,"",All,d,Coronary Heart Disease,376,"",61.443731595478006,"",60.363907121735764
1600,2020,S08000032,"",All Ages,d,Male,"",Coronary Heart Disease,541,"",167.99833554329294,"",203.0057761361795
1601,2020,S08000032,"",All Ages,d,Female,"",Coronary Heart Disease,321,"",93.58791578836886,"",90.86924024476099
1602,2020,S08000032,"",All Ages,d,All,d,Coronary Heart Disease,862,"",129.62016179964513,"",146.93750819047023
1603,2020,S92000003,d,0-44 years,"",Male,"",Coronary Heart Disease,64,"",4.532651735828558,"",5.079567163092231
1604,2020,S92000003,d,0-44 years,"",Female,"",Coronary Heart Disease,18,"",1.264758146623412,"",1.353015336085352
1605,2020,S92000003,d,0-44 years,"",All,d,Coronary Heart Disease,82,"",2.8922387126857116,"",3.2162912495887914
1606,2020,S92000003,d,45-64 years,"",Male,"",Coronary Heart Disease,886,"",120.6016470428095,"",117.02017722230431
1607,2020,S92000003,d,45-64 years,"",Female,"",Coronary Heart Disease,247,"",31.74627656019454,"",31.038101912893605
1608,2020,S92000003,d,45-64 years,"",All,d,Coronary Heart Disease,1133,"",74.89948396701514,"",74.02913956759896
1609,2020,S92000003,d,65-74 years,"",Male,"",Coronary Heart Disease,1049,"",369.30117936982924,"",368.6193235338405
1610,2020,S92000003,d,65-74 years,"",Female,"",Coronary Heart Disease,413,"",133.9604281543951,"",133.08884689299228
1611,2020,S92000003,d,65-74 years,"",All,d,Coronary Heart Disease,1462,"",246.81353929264793,"",250.8540852134164
1612,2020,S92000003,d,75plus years,"",Male,"",Coronary Heart Disease,2203,"",1124.3065585399836,"",1201.057629226887
1613,2020,S92000003,d,75plus years,"",Female,"",Coronary Heart Disease,1847,"",677.2042135521506,"",660.6579479103127
1614,2020,S92000003,d,75plus years,"",All,d,Coronary Heart Disease,4050,"",864.1253557849459,"",930.8577885685999
1615,2020,S92000003,d,under75 years,"",Male,"",Coronary Heart Disease,1999,"",82.24046222513316,"",79.6245518714656
1616,2020,S92000003,d,under75 years,"",Female,"",Coronary Heart Disease,678,"",27.016892730583006,"",25.19786177161218
1617,2020,S92000003,d,under75 years,"",All,d,Coronary Heart Disease,2677,"",54.187892113263025,"",52.41120682153889
1618,2020,S92000003,d,All Ages,d,Male,"",Coronary Heart Disease,4202,"",159.9774615285043,"",180.55352883345353
1619,2020,S92000003,d,All Ages,d,Female,"",Coronary Heart Disease,2525,"",90.75290768722056,"",82.38926952409524
1620,2020,S92000003,d,All Ages,d,All,d,Coronary Heart Disease,6727,"",124.36909537983692,"",131.47139917877436
1621,2021,S08000015,"",0-44 years,"",Male,"",Coronary Heart Disease,7,"",8.218856404837384,"",9.112543776707437
1622,2021,S08000015,"",0-44 years,"",Female,"",Coronary Heart Disease,1,"",1.1576351828484772,"",1.2421390343966046
1623,2021,S08000015,"",0-44 years,"",All,d,Coronary Heart Disease,8,"",4.6632819012200315,"",5.1773414055520215
1624,2021,S08000015,"",45-64 years,"",Male,"",Coronary Heart Disease,83,"",161.5445999338251,"",156.8996417771867
1625,2021,S08000015,"",45-64 years,"",Female,"",Coronary Heart Disease,30,"",52.95581719651904,"",49.40702567526574
1626,2021,S08000015,"",45-64 years,"",All,d,Coronary Heart Disease,113,"",104.60057391465332,"",103.15333372622622
1627,2021,S08000015,"",65-74 years,"",Male,"",Coronary Heart Disease,100,"",434.8771472059143,"",433.2704899754708
1628,2021,S08000015,"",65-74 years,"",Female,"",Coronary Heart Disease,51,"",201.92421902838817,"",200.63271302773288
1629,2021,S08000015,"",65-74 years,"",All,d,Coronary Heart Disease,151,"",312.9403962530051,"",316.95160150160183
1630,2021,S08000015,"",75plus years,"",Male,"",Coronary Heart Disease,208,"",1281.2615498336825,"",1374.386496228237
1631,2021,S08000015,"",75plus years,"",Female,"",Coronary Heart Disease,168,"",768.843531188504,"",775.0803632169402
1632,2021,S08000015,"",75plus years,"",All,d,Coronary Heart Disease,376,"",987.2653275567809,"",1074.7334297225884
1633,2021,S08000015,"",under75 years,"",Male,"",Coronary Heart Disease,190,"",119.08940480369053,"",101.09074742615488
1634,2021,S08000015,"",under75 years,"",Female,"",Coronary Heart Disease,82,"",48.72512493240874,"",38.27478214333136
1635,2021,S08000015,"",under75 years,"",All,d,Coronary Heart Disease,272,"",82.96856650449159,"",69.68276478474311
1636,2021,S08000015,"",All Ages,d,Male,"",Coronary Heart Disease,398,"",226.42196406831346,"",215.68736481834227
1637,2021,S08000015,"",All Ages,d,Female,"",Coronary Heart Disease,250,"",131.4806828580745,"",104.58728443995615
1638,2021,S08000015,"",All Ages,d,All,d,Coronary Heart Disease,648,"",177.0878880629646,"",160.13732462914922
1639,2021,S08000016,"",0-44 years,"",Male,"",Coronary Heart Disease,2,"",7.883016041937645,"",8.850609506033107
1640,2021,S08000016,"",0-44 years,"",Female,"",Coronary Heart Disease,0,"",0,"",0
1641,2021,S08000016,"",0-44 years,"",All,d,Coronary Heart Disease,2,"",3.922799309587322,"",4.425304753016554
1642,2021,S08000016,"",45-64 years,"",Male,"",Coronary Heart Disease,20,"",116.57729074376311,"",113.65951814941651
1643,2021,S08000016,"",45-64 years,"",Female,"",Coronary Heart Disease,4,"",21.52620815843289,"",21.778304115734663
1644,2021,S08000016,"",45-64 years,"",All,d,Coronary Heart Disease,24,"",67.15540880855112,"",67.7189111325756
1645,2021,S08000016,"",65-74 years,"",Male,"",Coronary Heart Disease,20,"",243.90243902439025,"",240.63111650569542
1646,2021,S08000016,"",65-74 years,"",Female,"",Coronary Heart Disease,9,"",106.34526763559022,"",104.45049874871796
1647,2021,S08000016,"",65-74 years,"",All,d,Coronary Heart Disease,29,"",174.03828842345317,"",172.5408076272067
1648,2021,S08000016,"",75plus years,"",Male,"",Coronary Heart Disease,72,"",1183.237469186524,"",1253.9764010948268
1649,2021,S08000016,"",75plus years,"",Female,"",Coronary Heart Disease,56,"",735.873850197109,"",734.4932527704698
1650,2021,S08000016,"",75plus years,"",All,d,Coronary Heart Disease,128,"",934.6476816356335,"",994.2348269326485
1651,2021,S08000016,"",under75 years,"",Male,"",Coronary Heart Disease,42,"",82.79614406529068,"",66.11578975379261
1652,2021,S08000016,"",under75 years,"",Female,"",Coronary Heart Disease,13,"",24.687606821375667,"",18.394014240972606
1653,2021,S08000016,"",under75 years,"",All,d,Coronary Heart Disease,55,"",53.199206848188815,"",42.2549019973826
1654,2021,S08000016,"",All Ages,d,Male,"",Coronary Heart Disease,114,"",200.6618320073224,"",173.0232447744857
1655,2021,S08000016,"",All Ages,d,Female,"",Coronary Heart Disease,69,"",114.48861750846221,"",82.84294570862735
1656,2021,S08000016,"",All Ages,d,All,d,Coronary Heart Disease,183,"",156.303382302699,"",127.93309524155652
1657,2021,S08000017,"",0-44 years,"",Male,"",Coronary Heart Disease,1,"",3.1868447050575224,"",3.272786777941417
1658,2021,S08000017,"",0-44 years,"",Female,"",Coronary Heart Disease,0,"",0,"",0
1659,2021,S08000017,"",0-44 years,"",All,d,Coronary Heart Disease,1,"",1.5827543090486065,"",1.6363933889707085
1660,2021,S08000017,"",45-64 years,"",Male,"",Coronary Heart Disease,20,"",95.44261512765449,"",90.04080340889729
1661,2021,S08000017,"",45-64 years,"",Female,"",Coronary Heart Disease,11,"",48.50088183421517,"",41.786840471376976
1662,2021,S08000017,"",45-64 years,"",All,d,Coronary Heart Disease,31,"",71.0438867881288,"",65.91382194013714
1663,2021,S08000017,"",65-74 years,"",Male,"",Coronary Heart Disease,34,"",325.2032520325203,"",322.08210469080035
1664,2021,S08000017,"",65-74 years,"",Female,"",Coronary Heart Disease,17,"",155.03875968992247,"",153.78225953570333
1665,2021,S08000017,"",65-74 years,"",All,d,Coronary Heart Disease,51,"",238.09523809523813,"",237.93218211325186
1666,2021,S08000017,"",75plus years,"",Male,"",Coronary Heart Disease,101,"",1261.553834624032,"",1374.4117034014398
1667,2021,S08000017,"",75plus years,"",Female,"",Coronary Heart Disease,70,"",699.4404476418864,"",697.1684368397529
1668,2021,S08000017,"",75plus years,"",All,d,Coronary Heart Disease,171,"",949.2616853558343,"",1035.7900701205963
1669,2021,S08000017,"",under75 years,"",Male,"",Coronary Heart Disease,55,"",87.59496090079473,"",65.32608654503318
1670,2021,S08000017,"",under75 years,"",Female,"",Coronary Heart Disease,28,"",42.78270967347625,"",29.912802171608515
1671,2021,S08000017,"",under75 years,"",All,d,Coronary Heart Disease,83,"",64.72441436102187,"",47.61944435832084
1672,2021,S08000017,"",All Ages,d,Male,"",Coronary Heart Disease,156,"",220.35454481248675,"",183.14379206210978
1673,2021,S08000017,"",All Ages,d,Female,"",Coronary Heart Disease,98,"",129.87873567026705,"",89.9658092917415
1674,2021,S08000017,"",All Ages,d,All,d,Coronary Heart Disease,254,"",173.67521367521368,"",136.55480067692565
1675,2021,S08000019,"",0-44 years,"",Male,"",Coronary Heart Disease,5,"",6.530484300715741,"",7.2693002668271385
1676,2021,S08000019,"",0-44 years,"",Female,"",Coronary Heart Disease,0,"",0,"",0
1677,2021,S08000019,"",0-44 years,"",All,d,Coronary Heart Disease,5,"",3.249601923764339,"",3.6346501334135692
1678,2021,S08000019,"",45-64 years,"",Male,"",Coronary Heart Disease,57,"",133.9820887102461,"",129.10158421824363
1679,2021,S08000019,"",45-64 years,"",Female,"",Coronary Heart Disease,24,"",53.147906193945566,"",51.73534531956114
1680,2021,S08000019,"",45-64 years,"",All,d,Coronary Heart Disease,81,"",92.36031927023946,"",90.41846476890237
1681,2021,S08000019,"",65-74 years,"",Male,"",Coronary Heart Disease,53,"",329.1516581791082,"",326.11296748954965
1682,2021,S08000019,"",65-74 years,"",Female,"",Coronary Heart Disease,32,"",179.86622449553144,"",176.57849718514407
1683,2021,S08000019,"",65-74 years,"",All,d,Coronary Heart Disease,85,"",250.78924851739296,"",251.34573233734687
1684,2021,S08000019,"",75plus years,"",Male,"",Coronary Heart Disease,150,"",1343.0029546065002,"",1412.793361752043
1685,2021,S08000019,"",75plus years,"",Female,"",Coronary Heart Disease,101,"",664.342563967638,"",666.319588831398
1686,2021,S08000019,"",75plus years,"",All,d,Coronary Heart Disease,251,"",951.7670256332473,"",1039.5564752917205
1687,2021,S08000019,"",under75 years,"",Male,"",Coronary Heart Disease,115,"",85.05350975156979,"",79.53758631683947
1688,2021,S08000019,"",under75 years,"",Female,"",Coronary Heart Disease,56,"",39.92898345086239,"",35.44022935618003
1689,2021,S08000019,"",under75 years,"",All,d,Coronary Heart Disease,171,"",62.07842937943353,"",57.48890783650976
1690,2021,S08000019,"",All Ages,d,Male,"",Coronary Heart Disease,265,"",181.03813414584158,"",199.53060610600775
1691,2021,S08000019,"",All Ages,d,Female,"",Coronary Heart Disease,157,"",100.99580577927591,"",92.21937170894967
1692,2021,S08000019,"",All Ages,d,All,d,Coronary Heart Disease,422,"",139.81380247158995,"",145.87498890747872
1693,2021,S08000020,"",0-44 years,"",Male,"",Coronary Heart Disease,4,"",2.616225832613871,"",2.8259654179422187
1694,2021,S08000020,"",0-44 years,"",Female,"",Coronary Heart Disease,4,"",2.619446772841576,"",2.7563535546811493
1695,2021,S08000020,"",0-44 years,"",All,d,Coronary Heart Disease,8,"",2.617835311980523,"",2.791159486311684
1696,2021,S08000020,"",45-64 years,"",Male,"",Coronary Heart Disease,61,"",77.98517003323958,"",75.05144294287932
1697,2021,S08000020,"",45-64 years,"",Female,"",Coronary Heart Disease,23,"",28.507684680218148,"",27.81370146690629
1698,2021,S08000020,"",45-64 years,"",All,d,Coronary Heart Disease,84,"",52.863436123348016,"",51.4325722048928
1699,2021,S08000020,"",65-74 years,"",Male,"",Coronary Heart Disease,93,"",297.5714331424183,"",297.3966483575829
1700,2021,S08000020,"",65-74 years,"",Female,"",Coronary Heart Disease,39,"",119.38288233133342,"",119.23736945222832
1701,2021,S08000020,"",65-74 years,"",All,d,Coronary Heart Disease,132,"",206.50490449148168,"",208.31700890490563
1702,2021,S08000020,"",75plus years,"",Male,"",Coronary Heart Disease,209,"",979.014427581038,"",1043.6996279819252
1703,2021,S08000020,"",75plus years,"",Female,"",Coronary Heart Disease,204,"",721.4854111405836,"",692.9612784931777
1704,2021,S08000020,"",75plus years,"",All,d,Coronary Heart Disease,413,"",832.2753561856397,"",868.3304532375516
1705,2021,S08000020,"",under75 years,"",Male,"",Coronary Heart Disease,158,"",60.2214472204753,"",57.84758437703079
1706,2021,S08000020,"",under75 years,"",Female,"",Coronary Heart Disease,66,"",24.807180551170447,"",23.493390770046112
1707,2021,S08000020,"",under75 years,"",All,d,Coronary Heart Disease,224,"",42.39076335545601,"",40.67048757353845
1708,2021,S08000020,"",All Ages,d,Male,"",Coronary Heart Disease,367,"",129.35607462470878,"",146.5742683014713
1709,2021,S08000020,"",All Ages,d,Female,"",Coronary Heart Disease,270,"",91.73470323823503,"",83.74550066512796
1710,2021,S08000020,"",All Ages,d,All,d,Coronary Heart Disease,637,"",110.19998616012732,"",115.15988448329963
1711,2021,S08000022,"",0-44 years,"",Male,"",Coronary Heart Disease,4,"",5.28618060236028,"",5.7324691493871835
1712,2021,S08000022,"",0-44 years,"",Female,"",Coronary Heart Disease,1,"",1.3764814381478065,"",1.3834538914581607
1713,2021,S08000022,"",0-44 years,"",All,d,Coronary Heart Disease,5,"",3.371134993729689,"",3.5579615204226727
1714,2021,S08000022,"",45-64 years,"",Male,"",Coronary Heart Disease,62,"",131.6264356835021,"",124.7933488752677
1715,2021,S08000022,"",45-64 years,"",Female,"",Coronary Heart Disease,11,"",22.022903819972772,"",21.09487439447019
1716,2021,S08000022,"",45-64 years,"",All,d,Coronary Heart Disease,73,"",75.21818425363983,"",72.94411163486895
1717,2021,S08000022,"",65-74 years,"",Male,"",Coronary Heart Disease,74,"",343.4512206442031,"",340.7599275549534
1718,2021,S08000022,"",65-74 years,"",Female,"",Coronary Heart Disease,36,"",161.35538523598225,"",158.72921461374625
1719,2021,S08000022,"",65-74 years,"",All,d,Coronary Heart Disease,110,"",250.8151492350138,"",249.74457108434981
1720,2021,S08000022,"",75plus years,"",Male,"",Coronary Heart Disease,168,"",1119.5521791283486,"",1214.9546382820934
1721,2021,S08000022,"",75plus years,"",Female,"",Coronary Heart Disease,128,"",653.7950761058331,"",647.1671003628958
1722,2021,S08000022,"",75plus years,"",All,d,Coronary Heart Disease,296,"",855.8871154291,"",931.0608693224946
1723,2021,S08000022,"",under75 years,"",Male,"",Coronary Heart Disease,140,"",97.00799623054644,"",79.0610584460276
1724,2021,S08000022,"",under75 years,"",Female,"",Coronary Heart Disease,48,"",33.12446517790598,"",25.27887291248941
1725,2021,S08000022,"",under75 years,"",All,d,Coronary Heart Disease,188,"",65.00107182618437,"",52.16996567925851
1726,2021,S08000022,"",All Ages,d,Male,"",Coronary Heart Disease,308,"",193.31676332504833,"",181.29148063127354
1727,2021,S08000022,"",All Ages,d,Female,"",Coronary Heart Disease,176,"",106.99998784091046,"",81.24881338302599
1728,2021,S08000022,"",All Ages,d,All,d,Coronary Heart Disease,484,"",149.4703684259288,"",131.27014700714977
1729,2021,S08000024,"",0-44 years,"",Male,"",Coronary Heart Disease,11,"",4.388869826120957,"",4.69957516976634
1730,2021,S08000024,"",0-44 years,"",Female,"",Coronary Heart Disease,2,"",0.7760420304363684,"",0.8324971680914184
1731,2021,S08000024,"",0-44 years,"",All,d,Coronary Heart Disease,13,"",2.5572831423895255,"",2.766036168928879
1732,2021,S08000024,"",45-64 years,"",Male,"",Coronary Heart Disease,134,"",118.34528561839828,"",116.71785449171446
1733,2021,S08000024,"",45-64 years,"",Female,"",Coronary Heart Disease,39,"",32.961460446247465,"",32.3256300778022
1734,2021,S08000024,"",45-64 years,"",All,d,Coronary Heart Disease,173,"",74.71453003264982,"",74.52174228475835
1735,2021,S08000024,"",65-74 years,"",Male,"",Coronary Heart Disease,141,"",347.9333744602098,"",346.9058847207863
1736,2021,S08000024,"",65-74 years,"",Female,"",Coronary Heart Disease,55,"",123.02048850317615,"",122.53584132200723
1737,2021,S08000024,"",65-74 years,"",All,d,Coronary Heart Disease,196,"",229.95788016378634,"",234.72086302139678
1738,2021,S08000024,"",75plus years,"",Male,"",Coronary Heart Disease,293,"",1023.1161393952092,"",1067.667394105538
1739,2021,S08000024,"",75plus years,"",Female,"",Coronary Heart Disease,267,"",670.1975451191045,"",648.3798566533399
1740,2021,S08000024,"",75plus years,"",All,d,Coronary Heart Disease,560,"",817.7928355506228,"",858.023625379439
1741,2021,S08000024,"",under75 years,"",Male,"",Coronary Heart Disease,286,"",70.72433090084498,"",76.80562629413267
1742,2021,S08000024,"",under75 years,"",Female,"",Coronary Heart Disease,96,"",22.816616200748193,"",24.046267890327155
1743,2021,S08000024,"",under75 years,"",All,d,Coronary Heart Disease,382,"",46.2955668964882,"",50.425947092229904
1744,2021,S08000024,"",All Ages,d,Male,"",Coronary Heart Disease,579,"",133.7105247964898,"",165.98318539715916
1745,2021,S08000024,"",All Ages,d,Female,"",Coronary Heart Disease,363,"",78.8128141385412,"",80.23629087899829
1746,2021,S08000024,"",All Ages,d,All,d,Coronary Heart Disease,942,"",105.41511397589552,"",123.10973813807873
1747,2021,S08000025,"",0-44 years,"",Male,"",Coronary Heart Disease,1,"",19.85308715505261,"",24.184632393587616
1748,2021,S08000025,"",0-44 years,"",Female,"",Coronary Heart Disease,0,"",0,"",0
1749,2021,S08000025,"",0-44 years,"",All,d,Coronary Heart Disease,1,"",9.982032341784787,"",12.092316196793808
1750,2021,S08000025,"",45-64 years,"",Male,"",Coronary Heart Disease,5,"",155.2312946289972,"",153.9364136446623
1751,2021,S08000025,"",45-64 years,"",Female,"",Coronary Heart Disease,0,"",0,"",0
1752,2021,S08000025,"",45-64 years,"",All,d,Coronary Heart Disease,5,"",75.68876778686042,"",76.96820682233115
1753,2021,S08000025,"",65-74 years,"",Male,"",Coronary Heart Disease,3,"",206.3273727647868,"",206.5428402619519
1754,2021,S08000025,"",65-74 years,"",Female,"",Coronary Heart Disease,0,"",0,"",0
1755,2021,S08000025,"",65-74 years,"",All,d,Coronary Heart Disease,3,"",102.84538909838875,"",103.27142013097595
1756,2021,S08000025,"",75plus years,"",Male,"",Coronary Heart Disease,8,"",714.2857142857142,"",771.2225426002683
1757,2021,S08000025,"",75plus years,"",Female,"",Coronary Heart Disease,9,"",657.4141709276844,"",633.658850334814
1758,2021,S08000025,"",75plus years,"",All,d,Coronary Heart Disease,17,"",683.0052229811168,"",702.4406964675412
1759,2021,S08000025,"",under75 years,"",Male,"",Coronary Heart Disease,9,"",92.66886326194398,"",83.01082344601954
1760,2021,S08000025,"",under75 years,"",Female,"",Coronary Heart Disease,0,"",0,"",0
1761,2021,S08000025,"",under75 years,"",All,d,Coronary Heart Disease,9,"",46.05700834143595,"",41.50541172300977
1762,2021,S08000025,"",All Ages,d,Male,"",Coronary Heart Disease,17,"",156.9423929098966,"",144.94987816990192
1763,2021,S08000025,"",All Ages,d,Female,"",Coronary Heart Disease,9,"",80.37149490980532,"",57.02929653013327
1764,2021,S08000025,"",All Ages,d,All,d,Coronary Heart Disease,26,"",118.02088061733998,"",100.98958735001759
1765,2021,S08000026,"",0-44 years,"",Male,"",Coronary Heart Disease,0,"",0,"",0
1766,2021,S08000026,"",0-44 years,"",Female,"",Coronary Heart Disease,0,"",0,"",0
1767,2021,S08000026,"",0-44 years,"",All,d,Coronary Heart Disease,0,"",0,"",0
1768,2021,S08000026,"",45-64 years,"",Male,"",Coronary Heart Disease,3,"",93.34163036714375,"",85.79214902078147
1769,2021,S08000026,"",45-64 years,"",Female,"",Coronary Heart Disease,1,"",30.998140111593305,"",28.58776443682104
1770,2021,S08000026,"",45-64 years,"",All,d,Coronary Heart Disease,4,"",62.11180124223603,"",57.18995672880126
1771,2021,S08000026,"",65-74 years,"",Male,"",Coronary Heart Disease,4,"",289.8550724637681,"",279.290601871247
1772,2021,S08000026,"",65-74 years,"",Female,"",Coronary Heart Disease,1,"",74.68259895444362,"",75.0443443853186
1773,2021,S08000026,"",65-74 years,"",All,d,Coronary Heart Disease,5,"",183.89113644722326,"",177.16747312828284
1774,2021,S08000026,"",75plus years,"",Male,"",Coronary Heart Disease,8,"",798.4031936127744,"",842.8705416847987
1775,2021,S08000026,"",75plus years,"",Female,"",Coronary Heart Disease,10,"",805.1529790660225,"",817.684194237639
1776,2021,S08000026,"",75plus years,"",All,d,Coronary Heart Disease,18,"",802.1390374331552,"",830.2773679612188
1777,2021,S08000026,"",under75 years,"",Male,"",Coronary Heart Disease,7,"",66.6095727471691,"",57.20926668899783
1778,2021,S08000026,"",under75 years,"",Female,"",Coronary Heart Disease,2,"",19.594396002743217,"",16.983971138698934
1779,2021,S08000026,"",under75 years,"",All,d,Coronary Heart Disease,9,"",43.44468044023943,"",37.09661891384838
1780,2021,S08000026,"",All Ages,d,Male,"",Coronary Heart Disease,15,"",130.31013812874642,"",127.9187814386199
1781,2021,S08000026,"",All Ages,d,Female,"",Coronary Heart Disease,12,"",104.8126473927854,"",89.04699121760353
1782,2021,S08000026,"",All Ages,d,All,d,Coronary Heart Disease,27,"",117.59581881533101,"",108.4828863281117
1783,2021,S08000028,"",0-44 years,"",Male,"",Coronary Heart Disease,0,"",0,"",0
1784,2021,S08000028,"",0-44 years,"",Female,"",Coronary Heart Disease,0,"",0,"",0
1785,2021,S08000028,"",0-44 years,"",All,d,Coronary Heart Disease,0,"",0,"",0
1786,2021,S08000028,"",45-64 years,"",Male,"",Coronary Heart Disease,6,"",146.484375,"",144.86967910326172
1787,2021,S08000028,"",45-64 years,"",Female,"",Coronary Heart Disease,2,"",50.02501250625312,"",45.55635700998443
1788,2021,S08000028,"",45-64 years,"",All,d,Coronary Heart Disease,8,"",98.83864591055102,"",95.21301805662307
1789,2021,S08000028,"",65-74 years,"",Male,"",Coronary Heart Disease,13,"",697.7992485238861,"",689.8001645660928
1790,2021,S08000028,"",65-74 years,"",Female,"",Coronary Heart Disease,3,"",158.9825119236884,"",160.672351996045
1791,2021,S08000028,"",65-74 years,"",All,d,Coronary Heart Disease,16,"",426.6666666666667,"",425.23625828106896
1792,2021,S08000028,"",75plus years,"",Male,"",Coronary Heart Disease,6,"",447.42729306487695,"",521.7946501257142
1793,2021,S08000028,"",75plus years,"",Female,"",Coronary Heart Disease,17,"",920.9100758396532,"",854.3879862294482
1794,2021,S08000028,"",75plus years,"",All,d,Coronary Heart Disease,23,"",721.681832444305,"",688.0913181775811
1795,2021,S08000028,"",under75 years,"",Male,"",Coronary Heart Disease,19,"",163.90614216701172,"",121.77965081516936
1796,2021,S08000028,"",under75 years,"",Female,"",Coronary Heart Disease,5,"",43.93287057376329,"",31.805529194758897
1797,2021,S08000028,"",under75 years,"",All,d,Coronary Heart Disease,24,"",104.47046532886432,"",76.79259000496413
1798,2021,S08000028,"",All Ages,d,Male,"",Coronary Heart Disease,25,"",193.30395113276114,"",157.78100075311838
1799,2021,S08000028,"",All Ages,d,Female,"",Coronary Heart Disease,22,"",166.3264534663945,"",105.83795032788092
1800,2021,S08000028,"",All Ages,d,All,d,Coronary Heart Disease,47,"",179.66360856269114,"",131.80947554049965
1801,2021,S08000029,"",0-44 years,"",Male,"",Coronary Heart Disease,4,"",4.307559767391773,"",4.855748463329991
1802,2021,S08000029,"",0-44 years,"",Female,"",Coronary Heart Disease,0,"",0,"",0
1803,2021,S08000029,"",0-44 years,"",All,d,Coronary Heart Disease,4,"",2.139254790593697,"",2.4278742316649957
1804,2021,S08000029,"",45-64 years,"",Male,"",Coronary Heart Disease,65,"",128.33928959267084,"",124.38639083338168
1805,2021,S08000029,"",45-64 years,"",Female,"",Coronary Heart Disease,22,"",40.88839327200074,"",39.28087421272312
1806,2021,S08000029,"",45-64 years,"",All,d,Coronary Heart Disease,87,"",83.29184697277219,"",81.8336325230524
1807,2021,S08000029,"",65-74 years,"",Male,"",Coronary Heart Disease,80,"",381.0068104967376,"",377.6544458105192
1808,2021,S08000029,"",65-74 years,"",Female,"",Coronary Heart Disease,30,"",129.38284383490748,"",129.86458359661626
1809,2021,S08000029,"",65-74 years,"",All,d,Coronary Heart Disease,110,"",248.95889914901323,"",253.7595147035677
1810,2021,S08000029,"",75plus years,"",Male,"",Coronary Heart Disease,173,"",1146.2267276220764,"",1229.034603073748
1811,2021,S08000029,"",75plus years,"",Female,"",Coronary Heart Disease,140,"",694.1001487357461,"",679.9845537484474
1812,2021,S08000029,"",75plus years,"",All,d,Coronary Heart Disease,313,"",887.6159146981255,"",954.5095784110978
1813,2021,S08000029,"",under75 years,"",Male,"",Coronary Heart Disease,149,"",90.57530515975296,"",82.67935664961412
1814,2021,S08000029,"",under75 years,"",Female,"",Coronary Heart Disease,52,"",30.38927492358851,"",26.423310927490476
1815,2021,S08000029,"",under75 years,"",All,d,Coronary Heart Disease,201,"",59.88969569479496,"",54.5513337885523
1816,2021,S08000029,"",All Ages,d,Male,"",Coronary Heart Disease,322,"",179.290299949331,"",185.85132882778618
1817,2021,S08000029,"",All Ages,d,Female,"",Coronary Heart Disease,192,"",100.37483728297862,"",85.2438227813766
1818,2021,S08000029,"",All Ages,d,All,d,Coronary Heart Disease,514,"",138.5893011216566,"",135.54757580458138
1819,2021,S08000030,"",0-44 years,"",Male,"",Coronary Heart Disease,3,"",2.8975708697541895,"",3.4574047731942468
1820,2021,S08000030,"",0-44 years,"",Female,"",Coronary Heart Disease,2,"",1.9298313327415184,"",2.2181661469820266
1821,2021,S08000030,"",0-44 years,"",All,d,Coronary Heart Disease,5,"",2.4134652050721384,"",2.8377854600881367
1822,2021,S08000030,"",45-64 years,"",Male,"",Coronary Heart Disease,67,"",122.42362227744482,"",114.80059244778032
1823,2021,S08000030,"",45-64 years,"",Female,"",Coronary Heart Disease,18,"",30.697864792959958,"",28.915431905428864
1824,2021,S08000030,"",45-64 years,"",All,d,Coronary Heart Disease,85,"",74.97971137221694,"",71.8580121766046
1825,2021,S08000030,"",65-74 years,"",Male,"",Coronary Heart Disease,84,"",351.302747689348,"",348.204598262718
1826,2021,S08000030,"",65-74 years,"",Female,"",Coronary Heart Disease,43,"",166.7700899782811,"",163.43386634344864
1827,2021,S08000030,"",65-74 years,"",All,d,Coronary Heart Disease,127,"",255.5589093470168,"",255.81923230308334
1828,2021,S08000030,"",75plus years,"",Male,"",Coronary Heart Disease,189,"",1042.7586206896551,"",1118.6645191121581
1829,2021,S08000030,"",75plus years,"",Female,"",Coronary Heart Disease,162,"",672.6178119161303,"",635.4997545744721
1830,2021,S08000030,"",75plus years,"",All,d,Coronary Heart Disease,351,"",831.5565031982943,"",877.0821368433152
1831,2021,S08000030,"",under75 years,"",Male,"",Coronary Heart Disease,154,"",84.5345658546225,"",75.66004219095832
1832,2021,S08000030,"",under75 years,"",Female,"",Coronary Heart Disease,63,"",33.5006593780576,"",28.594456198209947
1833,2021,S08000030,"",under75 years,"",All,d,Coronary Heart Disease,217,"",58.61221402911704,"",52.12724919458413
1834,2021,S08000030,"",All Ages,d,Male,"",Coronary Heart Disease,343,"",171.24399023459927,"",169.5304451138663
1835,2021,S08000030,"",All Ages,d,Female,"",Coronary Heart Disease,225,"",106.06153454542026,"",83.21593305207354
1836,2021,S08000030,"",All Ages,d,All,d,Coronary Heart Disease,568,"",137.71700126078946,"",126.37318908296992
1837,2021,S08000031,"",0-44 years,"",Male,"",Coronary Heart Disease,22,"",6.808953154402298,"",7.431045900427724
1838,2021,S08000031,"",0-44 years,"",Female,"",Coronary Heart Disease,7,"",2.1384362532152914,"",2.238715618015372
1839,2021,S08000031,"",0-44 years,"",All,d,Coronary Heart Disease,29,"",4.458479258847007,"",4.834880759221548
1840,2021,S08000031,"",45-64 years,"",Male,"",Coronary Heart Disease,235,"",155.904811819575,"",149.39856764092403
1841,2021,S08000031,"",45-64 years,"",Female,"",Coronary Heart Disease,71,"",44.12925521004904,"",42.32384565958523
1842,2021,S08000031,"",45-64 years,"",All,d,Coronary Heart Disease,306,"",98.19526095551049,"",95.86120665025462
1843,2021,S08000031,"",65-74 years,"",Male,"",Coronary Heart Disease,235,"",436.1706076691785,"",439.8931868332994
1844,2021,S08000031,"",65-74 years,"",Female,"",Coronary Heart Disease,68,"",113.26914748309291,"",113.46255676481657
1845,2021,S08000031,"",65-74 years,"",All,d,Coronary Heart Disease,303,"",265.99480300582906,"",276.6778717990579
1846,2021,S08000031,"",75plus years,"",Male,"",Coronary Heart Disease,410,"",1147.8806204154766,"",1201.286373754243
1847,2021,S08000031,"",75plus years,"",Female,"",Coronary Heart Disease,392,"",732.4364723467863,"",703.121471667524
1848,2021,S08000031,"",75plus years,"",All,d,Coronary Heart Disease,802,"",898.7202761155562,"",952.2039227108836
1849,2021,S08000031,"",under75 years,"",Male,"",Coronary Heart Disease,492,"",93.23214234956369,"",98.67271409733218
1850,2021,S08000031,"",under75 years,"",Female,"",Coronary Heart Disease,146,"",26.629361241876676,"",26.745378015191346
1851,2021,S08000031,"",under75 years,"",All,d,Coronary Heart Disease,638,"",59.294672215706214,"",62.709046056261755
1852,2021,S08000031,"",All Ages,d,Male,"",Coronary Heart Disease,902,"",160.09001957641811,"",197.90794346645416
1853,2021,S08000031,"",All Ages,d,Female,"",Coronary Heart Disease,538,"",89.40040246798286,"",87.61922644390128
1854,2021,S08000031,"",All Ages,d,All,d,Coronary Heart Disease,1440,"",123.58181287653834,"",142.76358495517772
1855,2021,S08000032,"",0-44 years,"",Male,"",Coronary Heart Disease,8,"",4.617444706099644,"",5.028659057331893
1856,2021,S08000032,"",0-44 years,"",Female,"",Coronary Heart Disease,3,"",1.7202229408931398,"",1.781741370025
1857,2021,S08000032,"",0-44 years,"",All,d,Coronary Heart Disease,11,"",3.164083623853739,"",3.4052002136784467
1858,2021,S08000032,"",45-64 years,"",Male,"",Coronary Heart Disease,126,"",134.44302176696542,"",131.34737012665474
1859,2021,S08000032,"",45-64 years,"",Female,"",Coronary Heart Disease,41,"",41.190299182221864,"",40.23933802975385
1860,2021,S08000032,"",45-64 years,"",All,d,Coronary Heart Disease,167,"",86.41298161007565,"",85.7933540782043
1861,2021,S08000032,"",65-74 years,"",Male,"",Coronary Heart Disease,152,"",445.43429844097994,"",446.52163073936833
1862,2021,S08000032,"",65-74 years,"",Female,"",Coronary Heart Disease,61,"",160.58547886063286,"",160.83409520388477
1863,2021,S08000032,"",65-74 years,"",All,d,Coronary Heart Disease,213,"",295.38205519345445,"",303.67786297162655
1864,2021,S08000032,"",75plus years,"",Male,"",Coronary Heart Disease,253,"",1148.4860865223116,"",1280.9390108665573
1865,2021,S08000032,"",75plus years,"",Female,"",Coronary Heart Disease,212,"",670.4405300275134,"",675.2269529791721
1866,2021,S08000032,"",75plus years,"",All,d,Coronary Heart Disease,465,"",866.7287977632806,"",978.0829819228646
1867,2021,S08000032,"",under75 years,"",Male,"",Coronary Heart Disease,286,"",94.98505479907008,"",92.75527494742462
1868,2021,S08000032,"",under75 years,"",Female,"",Coronary Heart Disease,105,"",33.66247755834829,"",31.33312627923755
1869,2021,S08000032,"",under75 years,"",All,d,Coronary Heart Disease,391,"",63.78258458125347,"",62.04420061333109
1870,2021,S08000032,"",All Ages,d,Male,"",Coronary Heart Disease,539,"",166.8064457229156,"",199.69181118014654
1871,2021,S08000032,"",All Ages,d,Female,"",Coronary Heart Disease,317,"",92.27428458320841,"",89.28357068223166
1872,2021,S08000032,"",All Ages,d,All,d,Coronary Heart Disease,856,"",128.39935800320998,"",144.48769093118912
1873,2021,S92000003,d,0-44 years,"",Male,"",Coronary Heart Disease,72,"",5.117201686686534,"",5.607114190594269
1874,2021,S92000003,d,0-44 years,"",Female,"",Coronary Heart Disease,20,"",1.4086649800251307,"",1.503081407393599
1875,2021,S92000003,d,0-44 years,"",All,d,Coronary Heart Disease,92,"",3.254560010018385,"",3.555097798993934
1876,2021,S92000003,d,45-64 years,"",Male,"",Coronary Heart Disease,944,"",129.1482372770517,"",124.37371404448957
1877,2021,S92000003,d,45-64 years,"",Female,"",Coronary Heart Disease,297,"",38.2980204952437,"",36.82431690814513
1878,2021,S92000003,d,45-64 years,"",All,d,Coronary Heart Disease,1241,"",82.37965003584611,"",80.59901547631735
1879,2021,S92000003,d,65-74 years,"",Male,"",Coronary Heart Disease,1086,"",376.1911854871953,"",375.4571136400944
1880,2021,S92000003,d,65-74 years,"",Female,"",Coronary Heart Disease,445,"",141.79064054320153,"",141.0453357552873
1881,2021,S92000003,d,65-74 years,"",All,d,Coronary Heart Disease,1531,"",254.09691863919568,"",258.2512246976909
1882,2021,S92000003,d,75plus years,"",Male,"",Coronary Heart Disease,2248,"",1118.8866878365868,"",1194.7612738835717
1883,2021,S92000003,d,75plus years,"",Female,"",Coronary Heart Disease,1936,"",700.8982068446186,"",684.2426293675413
1884,2021,S92000003,d,75plus years,"",All,d,Coronary Heart Disease,4184,"",876.9080189717289,"",939.5019516255566
1885,2021,S92000003,d,under75 years,"",Male,"",Coronary Heart Disease,2102,"",86.62165252849098,"",82.86799210650611
1886,2021,S92000003,d,under75 years,"",Female,"",Coronary Heart Disease,762,"",30.36916469652357,"",27.889965049402388
1887,2021,S92000003,d,under75 years,"",All,d,Coronary Heart Disease,2864,"",58.02540597017405,"",55.37897857795425
1888,2021,S92000003,d,All Ages,d,Male,"",Coronary Heart Disease,4350,"",165.55289529178984,"",182.938387466442
1889,2021,S92000003,d,All Ages,d,Female,"",Coronary Heart Disease,2698,"",96.8642618623716,"",86.96170483803489
1890,2021,S92000003,d,All Ages,d,All,d,Coronary Heart Disease,7048,"",130.20746734652406,"",134.95004615223846
1891,2022,S08000015,"",0-44 years,"",Male,"",Coronary Heart Disease,6,"",7.066888095827003,"",7.875225998152781
1892,2022,S08000015,"",0-44 years,"",Female,"",Coronary Heart Disease,0,"",0,"",0
1893,2022,S08000015,"",0-44 years,"",All,d,Coronary Heart Disease,6,"",3.5085257174935096,"",3.9376129990763906
1894,2022,S08000015,"",45-64 years,"",Male,"",Coronary Heart Disease,66,"",129.77054208694628,"",121.63457535967251
1895,2022,S08000015,"",45-64 years,"",Female,"",Coronary Heart Disease,37,"",65.97599900144434,"",61.72158251678592
1896,2022,S08000015,"",45-64 years,"",All,d,Coronary Heart Disease,103,"",96.31569104170562,"",91.67807893822922
1897,2022,S08000015,"",65-74 years,"",Male,"",Coronary Heart Disease,108,"",474.7461426875907,"",474.8644471119008
1898,2022,S08000015,"",65-74 years,"",Female,"",Coronary Heart Disease,62,"",248.15882164585338,"",248.02796030453194
1899,2022,S08000015,"",65-74 years,"",All,d,Coronary Heart Disease,170,"",356.1477384618608,"",361.44620370821644
1900,2022,S08000015,"",75plus years,"",Male,"",Coronary Heart Disease,192,"",1124.978027772895,"",1204.082720306625
1901,2022,S08000015,"",75plus years,"",Female,"",Coronary Heart Disease,157,"",691.6908978764649,"",702.7918319206549
1902,2022,S08000015,"",75plus years,"",All,d,Coronary Heart Disease,349,"",877.6562303533258,"",953.4372761136401
1903,2022,S08000015,"",under75 years,"",Male,"",Coronary Heart Disease,180,"",113.55678785699415,"",94.88632028139044
1904,2022,S08000015,"",under75 years,"",Female,"",Coronary Heart Disease,99,"",59.21973512627562,"",46.592478240575964
1905,2022,S08000015,"",under75 years,"",All,d,Coronary Heart Disease,279,"",85.66559712605738,"",70.73939926098319
1906,2022,S08000015,"",All Ages,d,Male,"",Coronary Heart Disease,372,"",211.87164678946107,"",194.71399628366154
1907,2022,S08000015,"",All Ages,d,Female,"",Coronary Heart Disease,256,"",134.82767337996125,"",105.65042007178307
1908,2022,S08000015,"",All Ages,d,All,d,Coronary Heart Disease,628,"",171.842933369818,"",150.18220817772232
1909,2022,S08000016,"",0-44 years,"",Male,"",Coronary Heart Disease,0,"",0,"",0
1910,2022,S08000016,"",0-44 years,"",Female,"",Coronary Heart Disease,1,"",3.9354584809130264,"",4.082822980460776
1911,2022,S08000016,"",0-44 years,"",All,d,Coronary Heart Disease,1,"",1.9743336623889438,"",2.041411490230388
1912,2022,S08000016,"",45-64 years,"",Male,"",Coronary Heart Disease,16,"",94.57382669346259,"",89.63928271627563
1913,2022,S08000016,"",45-64 years,"",Female,"",Coronary Heart Disease,9,"",49.02494825144351,"",43.46521052368388
1914,2022,S08000016,"",45-64 years,"",All,d,Coronary Heart Disease,25,"",70.86971311940128,"",66.55224661997975
1915,2022,S08000016,"",65-74 years,"",Male,"",Coronary Heart Disease,25,"",308.83261272390365,"",307.0440989958222
1916,2022,S08000016,"",65-74 years,"",Female,"",Coronary Heart Disease,8,"",95.49958218932791,"",94.76977616574395
1917,2022,S08000016,"",65-74 years,"",All,d,Coronary Heart Disease,33,"",200.33997085964057,"",200.9069375807831
1918,2022,S08000016,"",75plus years,"",Male,"",Coronary Heart Disease,60,"",929.2240978782717,"",995.740161722446
1919,2022,S08000016,"",75plus years,"",Female,"",Coronary Heart Disease,57,"",715.6308851224105,"",721.6000995929677
1920,2022,S08000016,"",75plus years,"",All,d,Coronary Heart Disease,117,"",811.2605741228678,"",858.670130657707
1921,2022,S08000016,"",under75 years,"",Male,"",Coronary Heart Disease,41,"",81.58716892523829,"",61.53191243337843
1922,2022,S08000016,"",under75 years,"",Female,"",Coronary Heart Disease,18,"",34.519129350848594,"",26.01519966552545
1923,2022,S08000016,"",under75 years,"",All,d,Coronary Heart Disease,59,"",57.618312857673,"",43.77355604945195
1924,2022,S08000016,"",All Ages,d,Male,"",Coronary Heart Disease,101,"",178.09910068770938,"",145.61065486939452
1925,2022,S08000016,"",All Ages,d,Female,"",Coronary Heart Disease,75,"",124.77125270337714,"",88.61784065899526
1926,2022,S08000016,"",All Ages,d,All,d,Coronary Heart Disease,176,"",150.65913370998118,"",117.11424776419489
1927,2022,S08000017,"",0-44 years,"",Male,"",Coronary Heart Disease,1,"",3.21316110789795,"",3.691048679659158
1928,2022,S08000017,"",0-44 years,"",Female,"",Coronary Heart Disease,0,"",0,"",0
1929,2022,S08000017,"",0-44 years,"",All,d,Coronary Heart Disease,1,"",1.5926610180289227,"",1.845524339829579
1930,2022,S08000017,"",45-64 years,"",Male,"",Coronary Heart Disease,26,"",125.43419529139328,"",117.1787965128754
1931,2022,S08000017,"",45-64 years,"",Female,"",Coronary Heart Disease,12,"",53.39028296849973,"",45.51629736105209
1932,2022,S08000017,"",45-64 years,"",All,d,Coronary Heart Disease,38,"",87.9548189982409,"",81.34754693696374
1933,2022,S08000017,"",65-74 years,"",Male,"",Coronary Heart Disease,35,"",340.0699572483482,"",338.33349903276047
1934,2022,S08000017,"",65-74 years,"",Female,"",Coronary Heart Disease,17,"",158.3310049362019,"",158.0634420597418
1935,2022,S08000017,"",65-74 years,"",All,d,Coronary Heart Disease,52,"",247.2775690712825,"",248.19847054625114
1936,2022,S08000017,"",75plus years,"",Male,"",Coronary Heart Disease,91,"",1089.820359281437,"",1195.8347663054594
1937,2022,S08000017,"",75plus years,"",Female,"",Coronary Heart Disease,68,"",653.9090297143956,"",667.5597929843519
1938,2022,S08000017,"",75plus years,"",All,d,Coronary Heart Disease,159,"",848.0452290788842,"",931.6972796449057
1939,2022,S08000017,"",under75 years,"",Male,"",Coronary Heart Disease,62,"",99.77149110102668,"",75.35226896853602
1940,2022,S08000017,"",under75 years,"",Female,"",Coronary Heart Disease,29,"",44.69859276499329,"",31.492835403243614
1941,2022,S08000017,"",under75 years,"",All,d,Coronary Heart Disease,91,"",71.64169704222137,"",53.42255218588981
1942,2022,S08000017,"",All Ages,d,Male,"",Coronary Heart Disease,153,"",217.0459059184021,"",176.19569372885914
1943,2022,S08000017,"",All Ages,d,Female,"",Coronary Heart Disease,97,"",128.8557081750312,"",88.73886158554336
1944,2022,S08000017,"",All Ages,d,All,d,Coronary Heart Disease,250,"",171.50305275433902,"",132.46727765720124
1945,2022,S08000019,"",0-44 years,"",Male,"",Coronary Heart Disease,5,"",6.509399572983388,"",7.26380914193351
1946,2022,S08000019,"",0-44 years,"",Female,"",Coronary Heart Disease,0,"",0,"",0
1947,2022,S08000019,"",0-44 years,"",All,d,Coronary Heart Disease,5,"",3.2383839168901156,"",3.631904570966755
1948,2022,S08000019,"",45-64 years,"",Male,"",Coronary Heart Disease,67,"",158.28017954169619,"",151.40710402939186
1949,2022,S08000019,"",45-64 years,"",Female,"",Coronary Heart Disease,22,"",48.857403006951074,"",47.30945825194855
1950,2022,S08000019,"",45-64 years,"",All,d,Coronary Heart Disease,89,"",101.87845556840166,"",99.3582811406702
1951,2022,S08000019,"",65-74 years,"",Male,"",Coronary Heart Disease,58,"",365.7921291624622,"",365.26183697830425
1952,2022,S08000019,"",65-74 years,"",Female,"",Coronary Heart Disease,35,"",199.85153885684917,"",199.4820699475949
1953,2022,S08000019,"",65-74 years,"",All,d,Coronary Heart Disease,93,"",278.70178908567834,"",282.3719534629496
1954,2022,S08000019,"",75plus years,"",Male,"",Coronary Heart Disease,159,"",1341.9986495611074,"",1530.1158124782019
1955,2022,S08000019,"",75plus years,"",Female,"",Coronary Heart Disease,124,"",783.0260166708765,"",814.453614016321
1956,2022,S08000019,"",75plus years,"",All,d,Coronary Heart Disease,283,"",1022.2511197803785,"",1172.2847132472614
1957,2022,S08000019,"",under75 years,"",Male,"",Coronary Heart Disease,130,"",96.29772292922858,"",90.54706855731305
1958,2022,S08000019,"",under75 years,"",Female,"",Coronary Heart Disease,57,"",40.677095227220825,"",36.79409206732289
1959,2022,S08000019,"",under75 years,"",All,d,Coronary Heart Disease,187,"",67.9688579051053,"",63.67058031231797
1960,2022,S08000019,"",All Ages,d,Male,"",Coronary Heart Disease,289,"",196.8048159296133,"",220.10825551019306
1961,2022,S08000019,"",All Ages,d,Female,"",Coronary Heart Disease,181,"",116.05242235387654,"",106.78344904273271
1962,2022,S08000019,"",All Ages,d,All,d,Coronary Heart Disease,470,"",155.21283973448698,"",163.4458522764629
1963,2022,S08000020,"",0-44 years,"",Male,"",Coronary Heart Disease,9,"",5.842183158933348,"",6.271845886113693
1964,2022,S08000020,"",0-44 years,"",Female,"",Coronary Heart Disease,2,"",1.3009230048719567,"",1.2995570669503715
1965,2022,S08000020,"",0-44 years,"",All,d,Coronary Heart Disease,11,"",3.5738769091812896,"",3.785701476532032
1966,2022,S08000020,"",45-64 years,"",Male,"",Coronary Heart Disease,71,"",91.04665179143905,"",88.04662462855161
1967,2022,S08000020,"",45-64 years,"",Female,"",Coronary Heart Disease,19,"",23.586369561169388,"",22.262112181233906
1968,2022,S08000020,"",45-64 years,"",All,d,Coronary Heart Disease,90,"",56.769082296246296,"",55.15436840489274
1969,2022,S08000020,"",65-74 years,"",Male,"",Coronary Heart Disease,88,"",282.2774659182037,"",282.8234354961316
1970,2022,S08000020,"",65-74 years,"",Female,"",Coronary Heart Disease,30,"",92.38444245988975,"",92.87039923096198
1971,2022,S08000020,"",65-74 years,"",All,d,Coronary Heart Disease,118,"",185.39467068878832,"",187.8469173635468
1972,2022,S08000020,"",75plus years,"",Male,"",Coronary Heart Disease,259,"",1143.4878587196467,"",1239.8671987261855
1973,2022,S08000020,"",75plus years,"",Female,"",Coronary Heart Disease,191,"",643.617738239655,"",634.0287313688946
1974,2022,S08000020,"",75plus years,"",All,d,Coronary Heart Disease,450,"",859.9931200550395,"",936.9479650475399
1975,2022,S08000020,"",under75 years,"",Male,"",Coronary Heart Disease,168,"",63.82760467917131,"",61.99517915622131
1976,2022,S08000020,"",under75 years,"",Female,"",Coronary Heart Disease,51,"",19.11795025584316,"",17.969903805968343
1977,2022,S08000020,"",under75 years,"",All,d,Coronary Heart Disease,219,"",41.32278187231826,"",39.98254148109482
1978,2022,S08000020,"",All Ages,d,Male,"",Coronary Heart Disease,427,"",149.37434189582976,"",168.0036609175181
1979,2022,S08000020,"",All Ages,d,Female,"",Coronary Heart Disease,242,"",81.63513144268168,"",73.4151982866317
1980,2022,S08000020,"",All Ages,d,All,d,Coronary Heart Disease,669,"",114.88923235445647,"",120.70942960207489
1981,2022,S08000022,"",0-44 years,"",Male,"",Coronary Heart Disease,3,"",3.9851751484477744,"",4.227678054026507
1982,2022,S08000022,"",0-44 years,"",Female,"",Coronary Heart Disease,5,"",6.930295091965016,"",6.831328424797611
1983,2022,S08000022,"",0-44 years,"",All,d,Coronary Heart Disease,8,"",5.426451236552575,"",5.52950323941206
1984,2022,S08000022,"",45-64 years,"",Male,"",Coronary Heart Disease,54,"",115.56240369799693,"",107.33857137302138
1985,2022,S08000022,"",45-64 years,"",Female,"",Coronary Heart Disease,19,"",38.15874035989717,"",36.272640271300865
1986,2022,S08000022,"",45-64 years,"",All,d,Coronary Heart Disease,73,"",75.6319933692499,"",71.80560582216113
1987,2022,S08000022,"",65-74 years,"",Male,"",Coronary Heart Disease,79,"",368.86585422794974,"",367.99635596870786
1988,2022,S08000022,"",65-74 years,"",Female,"",Coronary Heart Disease,25,"",112.943302462164,"",112.50349602995725
1989,2022,S08000022,"",65-74 years,"",All,d,Coronary Heart Disease,104,"",238.7950036737693,"",240.24992599933256
1990,2022,S08000022,"",75plus years,"",Male,"",Coronary Heart Disease,162,"",1026.420832541342,"",1135.6134254893693
1991,2022,S08000022,"",75plus years,"",Female,"",Coronary Heart Disease,118,"",579.59624735989,"",578.9917347072609
1992,2022,S08000022,"",75plus years,"",All,d,Coronary Heart Disease,280,"",774.7219301643518,"",857.3025800983153
1993,2022,S08000022,"",under75 years,"",Male,"",Coronary Heart Disease,136,"",94.82373940205267,"",76.22778564806516
1994,2022,S08000022,"",under75 years,"",Female,"",Coronary Heart Disease,49,"",34.01030026236518,"",27.59783967519885
1995,2022,S08000022,"",under75 years,"",All,d,Coronary Heart Disease,185,"",64.34827372712158,"",51.91281266163202
1996,2022,S08000022,"",All Ages,d,Male,"",Coronary Heart Disease,298,"",187.17769947301312,"",171.57249323378255
1997,2022,S08000022,"",All Ages,d,Female,"",Coronary Heart Disease,167,"",101.5611221591773,"",77.22329022808444
1998,2022,S08000022,"",All Ages,d,All,d,Coronary Heart Disease,465,"",143.67816091954023,"",124.3978917309335
1999,2022,S08000024,"",0-44 years,"",Male,"",Coronary Heart Disease,9,"",3.532570298148933,"",3.764575259531273
2000,2022,S08000024,"",0-44 years,"",Female,"",Coronary Heart Disease,7,"",2.6605651040280955,"",2.8359572037899565
2001,2022,S08000024,"",0-44 years,"",All,d,Coronary Heart Disease,16,"",3.089554602084677,"",3.300266231660615
2002,2022,S08000024,"",45-64 years,"",Male,"",Coronary Heart Disease,128,"",113.1551728710473,"",110.7752181623676
2003,2022,S08000024,"",45-64 years,"",Female,"",Coronary Heart Disease,39,"",32.999390780477896,"",31.78956001419252
2004,2022,S08000024,"",45-64 years,"",All,d,Coronary Heart Disease,167,"",72.19966883265673,"",71.28238908828007
2005,2022,S08000024,"",65-74 years,"",Male,"",Coronary Heart Disease,119,"",295.25605398967843,"",296.5775971470043
2006,2022,S08000024,"",65-74 years,"",Female,"",Coronary Heart Disease,54,"",121.2148420839974,"",121.06009069493642
2007,2022,S08000024,"",65-74 years,"",All,d,Coronary Heart Disease,173,"",203.88200770744697,"",208.81884392097038
2008,2022,S08000024,"",75plus years,"",Male,"",Coronary Heart Disease,313,"",1033.207895952994,"",1123.075715281275
2009,2022,S08000024,"",75plus years,"",Female,"",Coronary Heart Disease,270,"",650.9788793519143,"",641.5720207338198
2010,2022,S08000024,"",75plus years,"",All,d,Coronary Heart Disease,583,"",812.3171241465794,"",882.3238680075474
2011,2022,S08000024,"",under75 years,"",Male,"",Coronary Heart Disease,256,"",62.71512389911685,"",68.7131331358349
2012,2022,S08000024,"",under75 years,"",Female,"",Coronary Heart Disease,100,"",23.483274038066387,"",24.90874705140211
2013,2022,S08000024,"",under75 years,"",All,d,Coronary Heart Disease,356,"",42.684315911897656,"",46.810940093618505
2014,2022,S08000024,"",All Ages,d,Male,"",Coronary Heart Disease,569,"",129.76380251271982,"",163.6057655289245
2015,2022,S08000024,"",All Ages,d,Female,"",Coronary Heart Disease,370,"",79.17639430700325,"",80.4084416828197
2016,2022,S08000024,"",All Ages,d,All,d,Coronary Heart Disease,939,"",103.66526827114153,"",122.0071036058721
2017,2022,S08000025,"",0-44 years,"",Male,"",Coronary Heart Disease,0,"",0,"",0
2018,2022,S08000025,"",0-44 years,"",Female,"",Coronary Heart Disease,0,"",0,"",0
2019,2022,S08000025,"",0-44 years,"",All,d,Coronary Heart Disease,0,"",0,"",0
2020,2022,S08000025,"",45-64 years,"",Male,"",Coronary Heart Disease,2,"",62.363579669473026,"",52.28986012462416
2021,2022,S08000025,"",45-64 years,"",Female,"",Coronary Heart Disease,1,"",29.57704821058858,"",26.605769017581974
2022,2022,S08000025,"",45-64 years,"",All,d,Coronary Heart Disease,3,"",45.537340619307834,"",39.44781457110307
2023,2022,S08000025,"",65-74 years,"",Male,"",Coronary Heart Disease,6,"",421.6444132115249,"",429.4016744868645
2024,2022,S08000025,"",65-74 years,"",Female,"",Coronary Heart Disease,3,"",207.0393374741201,"",207.71867554953334
2025,2022,S08000025,"",65-74 years,"",All,d,Coronary Heart Disease,9,"",313.3704735376044,"",318.5601750181989
2026,2022,S08000025,"",75plus years,"",Male,"",Coronary Heart Disease,10,"",837.5209380234505,"",1005.179277896995
2027,2022,S08000025,"",75plus years,"",Female,"",Coronary Heart Disease,8,"",550.5849965588437,"",527.7151829378115
2028,2022,S08000025,"",75plus years,"",All,d,Coronary Heart Disease,18,"",680.015111446921,"",766.4472304174033
2029,2022,S08000025,"",under75 years,"",Male,"",Coronary Heart Disease,8,"",83.12551953449709,"",64.77361401554525
2030,2022,S08000025,"",under75 years,"",Female,"",Coronary Heart Disease,4,"",40.98780612767701,"",31.715373321274978
2031,2022,S08000025,"",under75 years,"",All,d,Coronary Heart Disease,12,"",61.90992106485065,"",48.24449366841011
2032,2022,S08000025,"",All Ages,d,Male,"",Coronary Heart Disease,18,"",166.38935108153078,"",149.41012376487572
2033,2022,S08000025,"",All Ages,d,Female,"",Coronary Heart Disease,12,"",107.02818408847664,"",76.35535618676327
2034,2022,S08000025,"",All Ages,d,All,d,Coronary Heart Disease,30,"",136.17793917385384,"",112.88273997581949
2035,2022,S08000026,"",0-44 years,"",Male,"",Coronary Heart Disease,0,"",0,"",0
2036,2022,S08000026,"",0-44 years,"",Female,"",Coronary Heart Disease,0,"",0,"",0
2037,2022,S08000026,"",0-44 years,"",All,d,Coronary Heart Disease,0,"",0,"",0
2038,2022,S08000026,"",45-64 years,"",Male,"",Coronary Heart Disease,3,"",93.10986964618249,"",97.34760577865902
2039,2022,S08000026,"",45-64 years,"",Female,"",Coronary Heart Disease,1,"",30.553009471432937,"",34.43949718334112
2040,2022,S08000026,"",45-64 years,"",All,d,Coronary Heart Disease,4,"",61.585835257890686,"",65.89355148100006
2041,2022,S08000026,"",65-74 years,"",Male,"",Coronary Heart Disease,5,"",376.50602409638554,"",374.40738371818475
2042,2022,S08000026,"",65-74 years,"",Female,"",Coronary Heart Disease,1,"",74.29420505200594,"",74.17297136923305
2043,2022,S08000026,"",65-74 years,"",All,d,Coronary Heart Disease,6,"",224.3829468960359,"",224.2901775437089
2044,2022,S08000026,"",75plus years,"",Male,"",Coronary Heart Disease,11,"",1023.2558139534883,"",1011.8507765517594
2045,2022,S08000026,"",75plus years,"",Female,"",Coronary Heart Disease,15,"",1166.4074650077762,"",1185.7675142386638
2046,2022,S08000026,"",75plus years,"",All,d,Coronary Heart Disease,26,"",1101.2282930961458,"",1098.8091453952115
2047,2022,S08000026,"",under75 years,"",Male,"",Coronary Heart Disease,8,"",76.51109410864575,"",71.54933057335609
2048,2022,S08000026,"",under75 years,"",Female,"",Coronary Heart Disease,2,"",19.602077820248947,"",18.587504117972383
2049,2022,S08000026,"",under75 years,"",All,d,Coronary Heart Disease,10,"",48.405053487584105,"",45.06841734566423
2050,2022,S08000026,"",All Ages,d,Male,"",Coronary Heart Disease,19,"",164.7732200156101,"",156.17646071141237
2051,2022,S08000026,"",All Ages,d,Female,"",Coronary Heart Disease,17,"",147.96762120288972,"",123.63370502883461
2052,2022,S08000026,"",All Ages,d,All,d,Coronary Heart Disease,36,"",156.38575152041702,"",139.9050828701235
2053,2022,S08000028,"",0-44 years,"",Male,"",Coronary Heart Disease,0,"",0,"",0
2054,2022,S08000028,"",0-44 years,"",Female,"",Coronary Heart Disease,0,"",0,"",0
2055,2022,S08000028,"",0-44 years,"",All,d,Coronary Heart Disease,0,"",0,"",0
2056,2022,S08000028,"",45-64 years,"",Male,"",Coronary Heart Disease,8,"",196.174595389897,"",190.08701242173885
2057,2022,S08000028,"",45-64 years,"",Female,"",Coronary Heart Disease,2,"",49.9001996007984,"",47.029246094033745
2058,2022,S08000028,"",45-64 years,"",All,d,Coronary Heart Disease,10,"",123.67054167697256,"",118.5581292578863
2059,2022,S08000028,"",65-74 years,"",Male,"",Coronary Heart Disease,9,"",484.3918191603875,"",488.55614404048816
2060,2022,S08000028,"",65-74 years,"",Female,"",Coronary Heart Disease,5,"",271.88689505165854,"",267.95414499651554
2061,2022,S08000028,"",65-74 years,"",All,d,Coronary Heart Disease,14,"",378.6854206113065,"",378.2551445185019
2062,2022,S08000028,"",75plus years,"",Male,"",Coronary Heart Disease,19,"",1365.923795830338,"",1447.3327961977689
2063,2022,S08000028,"",75plus years,"",Female,"",Coronary Heart Disease,20,"",1052.6315789473683,"",1061.9315463145197
2064,2022,S08000028,"",75plus years,"",All,d,Coronary Heart Disease,39,"",1185.0501367365541,"",1254.6321712561444
2065,2022,S08000028,"",under75 years,"",Male,"",Coronary Heart Disease,17,"",147.30092712936488,"",111.72687188572753
2066,2022,S08000028,"",under75 years,"",Female,"",Coronary Heart Disease,7,"",62.01275690999291,"",44.613115867640744
2067,2022,S08000028,"",under75 years,"",All,d,Coronary Heart Disease,24,"",105.12944062376802,"",78.16999387668413
2068,2022,S08000028,"",All Ages,d,Male,"",Coronary Heart Disease,36,"",278.3792143519951,"",231.93140507381128
2069,2022,S08000028,"",All Ages,d,Female,"",Coronary Heart Disease,27,"",204.73157415832574,"",136.17177460785985
2070,2022,S08000028,"",All Ages,d,All,d,Coronary Heart Disease,63,"",241.19448698315466,"",184.05158984083556
2071,2022,S08000029,"",0-44 years,"",Male,"",Coronary Heart Disease,10,"",10.769363315240803,"",12.222373295055915
2072,2022,S08000029,"",0-44 years,"",Female,"",Coronary Heart Disease,3,"",3.178875313913937,"",3.3217147501454694
2073,2022,S08000029,"",0-44 years,"",All,d,Coronary Heart Disease,13,"",6.943368815728332,"",7.772044022600693
2074,2022,S08000029,"",45-64 years,"",Male,"",Coronary Heart Disease,60,"",119.66255160447538,"",117.03739657585308
2075,2022,S08000029,"",45-64 years,"",Female,"",Coronary Heart Disease,23,"",42.96977169973471,"",41.75142839932498
2076,2022,S08000029,"",45-64 years,"",All,d,Coronary Heart Disease,83,"",80.06405124099278,"",79.39441248758904
2077,2022,S08000029,"",65-74 years,"",Male,"",Coronary Heart Disease,72,"",348.3309143686502,"",347.99679952496547
2078,2022,S08000029,"",65-74 years,"",Female,"",Coronary Heart Disease,29,"",127.39972762816852,"",127.66796346463407
2079,2022,S08000029,"",65-74 years,"",All,d,Coronary Heart Disease,101,"",232.5420763014298,"",237.83238149479973
2080,2022,S08000029,"",75plus years,"",Male,"",Coronary Heart Disease,194,"",1213.485957340339,"",1341.8752719721551
2081,2022,S08000029,"",75plus years,"",Female,"",Coronary Heart Disease,152,"",721.2679130682358,"",722.8616264846092
2082,2022,S08000029,"",75plus years,"",All,d,Coronary Heart Disease,346,"",933.5959634116725,"",1032.3684492283824
2083,2022,S08000029,"",under75 years,"",Male,"",Coronary Heart Disease,142,"",86.76153409056194,"",81.48863255170619
2084,2022,S08000029,"",under75 years,"",Female,"",Coronary Heart Disease,55,"",32.22744371916419,"",28.86042929086401
2085,2022,S08000029,"",under75 years,"",All,d,Coronary Heart Disease,197,"",58.92399402983288,"",55.17453092128509
2086,2022,S08000029,"",All Ages,d,Male,"",Coronary Heart Disease,336,"",187.02617253164416,"",194.9234300995466
2087,2022,S08000029,"",All Ages,d,Female,"",Coronary Heart Disease,207,"",107.9609463011641,"",91.32053703830108
2088,2022,S08000029,"",All Ages,d,All,d,Coronary Heart Disease,543,"",146.20749077788847,"",143.12198356892384
2089,2022,S08000030,"",0-44 years,"",Male,"",Coronary Heart Disease,5,"",4.7928988410770605,"",5.347866410055837
2090,2022,S08000030,"",0-44 years,"",Female,"",Coronary Heart Disease,0,"",0,"",0
2091,2022,S08000030,"",0-44 years,"",All,d,Coronary Heart Disease,5,"",2.397564074899902,"",2.6739332050279185
2092,2022,S08000030,"",45-64 years,"",Male,"",Coronary Heart Disease,60,"",110.55628236074516,"",103.66823766620439
2093,2022,S08000030,"",45-64 years,"",Female,"",Coronary Heart Disease,23,"",39.44502563926667,"",38.44131067747505
2094,2022,S08000030,"",45-64 years,"",All,d,Coronary Heart Disease,83,"",73.72535086160951,"",71.05477417183971
2095,2022,S08000030,"",65-74 years,"",Male,"",Coronary Heart Disease,86,"",363.2984116255492,"",363.3727927000245
2096,2022,S08000030,"",65-74 years,"",Female,"",Coronary Heart Disease,31,"",122.39418825015792,"",122.10396238792863
2097,2022,S08000030,"",65-74 years,"",All,d,Coronary Heart Disease,117,"",238.77551020408166,"",242.73837754397658
2098,2022,S08000030,"",75plus years,"",Male,"",Coronary Heart Disease,172,"",901.3257873499974,"",940.20980248452
2099,2022,S08000030,"",75plus years,"",Female,"",Coronary Heart Disease,142,"",566.5948447849333,"",551.3683928926007
2100,2022,S08000030,"",75plus years,"",All,d,Coronary Heart Disease,314,"",711.2923320874391,"",745.7890976885603
2101,2022,S08000030,"",under75 years,"",Male,"",Coronary Heart Disease,151,"",82.84685950050476,"",75.29019129283174
2102,2022,S08000030,"",under75 years,"",Female,"",Coronary Heart Disease,54,"",28.744656953811596,"",25.283366351937794
2103,2022,S08000030,"",under75 years,"",All,d,Coronary Heart Disease,205,"",55.386693684566026,"",50.28677882238477
2104,2022,S08000030,"",All Ages,d,Male,"",Coronary Heart Disease,323,"",160.41957416797868,"",153.1329563000837
2105,2022,S08000030,"",All Ages,d,Female,"",Coronary Heart Disease,196,"",92.052056377188,"",72.63101874059745
2106,2022,S08000030,"",All Ages,d,All,d,Coronary Heart Disease,519,"",125.28061409225867,"",112.88198752034057
2107,2022,S08000031,"",0-44 years,"",Male,"",Coronary Heart Disease,14,"",4.221024925152183,"",4.827184938119507
2108,2022,S08000031,"",0-44 years,"",Female,"",Coronary Heart Disease,10,"",3.0117034797222004,"",3.2077140429253603
2109,2022,S08000031,"",0-44 years,"",All,d,Coronary Heart Disease,24,"",3.6160316764374856,"",4.017449490522433
2110,2022,S08000031,"",45-64 years,"",Male,"",Coronary Heart Disease,228,"",152.44717838994384,"",146.01429521536056
2111,2022,S08000031,"",45-64 years,"",Female,"",Coronary Heart Disease,84,"",52.743940725857094,"",49.51689576594394
2112,2022,S08000031,"",45-64 years,"",All,d,Coronary Heart Disease,312,"",101.02972605401203,"",97.76559549065226
2113,2022,S08000031,"",65-74 years,"",Male,"",Coronary Heart Disease,214,"",394.3246729316381,"",396.77034189553734
2114,2022,S08000031,"",65-74 years,"",Female,"",Coronary Heart Disease,107,"",176.77184867008097,"",179.2455193853882
2115,2022,S08000031,"",65-74 years,"",All,d,Coronary Heart Disease,321,"",279.61672473867594,"",288.00793064046275
2116,2022,S08000031,"",75plus years,"",Male,"",Coronary Heart Disease,417,"",1117.1238748392627,"",1172.2886241293575
2117,2022,S08000031,"",75plus years,"",Female,"",Coronary Heart Disease,385,"",705.8909810967896,"",686.5219275701345
2118,2022,S08000031,"",75plus years,"",All,d,Coronary Heart Disease,802,"",872.9821811492452,"",929.405275849746
2119,2022,S08000031,"",under75 years,"",Male,"",Coronary Heart Disease,456,"",85.1535845737559,"",91.16632307438077
2120,2022,S08000031,"",under75 years,"",Female,"",Coronary Heart Disease,201,"",36.42439310799742,"",37.00540933694572
2121,2022,S08000031,"",under75 years,"",All,d,Coronary Heart Disease,657,"",60.42318300499112,"",64.08586620566324
2122,2022,S08000031,"",All Ages,d,Male,"",Coronary Heart Disease,873,"",152.4009699195749,"",188.46733016932868
2123,2022,S08000031,"",All Ages,d,Female,"",Coronary Heart Disease,586,"",96.64082431654653,"",95.4618959779327
2124,2022,S08000031,"",All Ages,d,All,d,Coronary Heart Disease,1459,"",123.72795115332428,"",141.9646130736307
2125,2022,S08000032,"",0-44 years,"",Male,"",Coronary Heart Disease,11,"",6.323183665492087,"",6.672491579570511
2126,2022,S08000032,"",0-44 years,"",Female,"",Coronary Heart Disease,1,"",0.5719318714754699,"",0.5820034554376582
2127,2022,S08000032,"",0-44 years,"",All,d,Coronary Heart Disease,12,"",3.44027820383075,"",3.627247517504084
2128,2022,S08000032,"",45-64 years,"",Male,"",Coronary Heart Disease,135,"",145.5509913639745,"",140.49379196267154
2129,2022,S08000032,"",45-64 years,"",Female,"",Coronary Heart Disease,48,"",48.59184871737766,"",46.29902605986186
2130,2022,S08000032,"",45-64 years,"",All,d,Coronary Heart Disease,183,"",95.54489304715115,"",93.3964090112667
2131,2022,S08000032,"",65-74 years,"",Male,"",Coronary Heart Disease,119,"",347.6888914860048,"",350.58567819095896
2132,2022,S08000032,"",65-74 years,"",Female,"",Coronary Heart Disease,60,"",157.3357807788121,"",158.6965421879742
2133,2022,S08000032,"",65-74 years,"",All,d,Coronary Heart Disease,179,"",247.3708212987659,"",254.64111018946662
2134,2022,S08000032,"",75plus years,"",Male,"",Coronary Heart Disease,290,"",1254.1082857637086,"",1334.7236821125075
2135,2022,S08000032,"",75plus years,"",Female,"",Coronary Heart Disease,219,"",672.7490553866004,"",688.4863925872958
2136,2022,S08000032,"",75plus years,"",All,d,Coronary Heart Disease,509,"",914.2015553998958,"",1011.6050373499016
2137,2022,S08000032,"",under75 years,"",Male,"",Coronary Heart Disease,265,"",88.05742008373763,"",85.32472146497443
2138,2022,S08000032,"",under75 years,"",Female,"",Coronary Heart Disease,109,"",34.962455454944944,"",32.139187584106615
2139,2022,S08000032,"",under75 years,"",All,d,Coronary Heart Disease,374,"",61.04099376043532,"",58.73195452454051
2140,2022,S08000032,"",All Ages,d,Male,"",Coronary Heart Disease,555,"",171.26246667324975,"",197.77062792325242
2141,2022,S08000032,"",All Ages,d,Female,"",Coronary Heart Disease,328,"",95.26132970875591,"",91.21043603439364
2142,2022,S08000032,"",All Ages,d,All,d,Coronary Heart Disease,883,"",132.11047607648345,"",144.49053197882301
2143,2022,S92000003,d,0-44 years,"",Male,"",Coronary Heart Disease,73,"",5.135427556000782,"",5.6202858177762405
2144,2022,S92000003,d,0-44 years,"",Female,"",Coronary Heart Disease,29,"",2.0262829864895835,"",2.095066138750031
2145,2022,S92000003,d,0-44 years,"",All,d,Coronary Heart Disease,102,"",3.5755725297876744,"",3.8576759782631354
2146,2022,S92000003,d,45-64 years,"",Male,"",Coronary Heart Disease,924,"",127.29131250568265,"",121.86700943487641
2147,2022,S92000003,d,45-64 years,"",Female,"",Coronary Heart Disease,339,"",43.96807321267837,"",41.679735260385755
2148,2022,S92000003,d,45-64 years,"",All,d,Coronary Heart Disease,1263,"",84.37392277948945,"",81.77337234763108
2149,2022,S92000003,d,65-74 years,"",Male,"",Coronary Heart Disease,1023,"",356.0304174569753,"",357.40327525069966
2150,2022,S92000003,d,65-74 years,"",Female,"",Coronary Heart Disease,467,"",149.60372631808252,"",149.77907762314715
2151,2022,S92000003,d,65-74 years,"",All,d,Coronary Heart Disease,1490,"",248.54335246616725,"",253.59117643692338
2152,2022,S92000003,d,75plus years,"",Male,"",Coronary Heart Disease,2349,"",1109.9508106090318,"",1196.6571089175882
2153,2022,S92000003,d,75plus years,"",Female,"",Coronary Heart Disease,1926,"",672.7726196214868,"",669.5456753747213
2154,2022,S92000003,d,75plus years,"",All,d,Coronary Heart Disease,4275,"",858.5906259979233,"",933.1013921461547
2155,2022,S92000003,d,under75 years,"",Male,"",Coronary Heart Disease,2020,"",82.96618060258912,"",80.0626986188625
2156,2022,S92000003,d,under75 years,"",Female,"",Coronary Heart Disease,835,"",33.20919325920988,"",30.66293264764581
2157,2022,S92000003,d,under75 years,"",All,d,Coronary Heart Disease,2855,"",57.687361174001445,"",55.36281563325416
2158,2022,S92000003,d,All Ages,d,Male,"",Coronary Heart Disease,4369,"",165.0948208821331,"",180.5561955457478
2159,2022,S92000003,d,All Ages,d,Female,"",Coronary Heart Disease,2761,"",98.58453883073953,"",88.16237949308261
2160,2022,S92000003,d,All Ages,d,All,d,Coronary Heart Disease,7130,"",130.89774187626216,"",134.3592875194152
2161,2023,S08000015,"",0-44 years,"",Male,"",Coronary Heart Disease,5,"",5.867236179725179,"",6.395502317125426
2162,2023,S08000015,"",0-44 years,"",Female,"",Coronary Heart Disease,1,"",1.159595069401765,"",1.1802752401860113
2163,2023,S08000015,"",0-44 years,"",All,d,Coronary Heart Disease,6,"",3.4994400895856663,"",3.7878887786557187
2164,2023,S08000015,"",45-64 years,"",Male,"",Coronary Heart Disease,79,"",157.06077655619396,"",145.20904977229645
2165,2023,S08000015,"",45-64 years,"",Female,"",Coronary Heart Disease,34,"",61.25684635341597,"",54.888447619491195
2166,2023,S08000015,"",45-64 years,"",All,d,Coronary Heart Disease,113,"",106.80226458607034,"",100.04874869589382
2167,2023,S08000015,"",65-74 years,"",Male,"",Coronary Heart Disease,92,"",403.4733795281116,"",404.1443389670088
2168,2023,S08000015,"",65-74 years,"",Female,"",Coronary Heart Disease,40,"",158.91934843067142,"",159.52299931440902
2169,2023,S08000015,"",65-74 years,"",All,d,Coronary Heart Disease,132,"",275.1605102976736,"",281.83366914070893
2170,2023,S08000015,"",75plus years,"",Male,"",Coronary Heart Disease,196,"",1106.9693889077148,"",1203.0434666209153
2171,2023,S08000015,"",75plus years,"",Female,"",Coronary Heart Disease,160,"",689.2689441261363,"",716.6833004248593
2172,2023,S08000015,"",75plus years,"",All,d,Coronary Heart Disease,356,"",870.0114861066985,"",959.8633835228875
2173,2023,S08000015,"",under75 years,"",Male,"",Coronary Heart Disease,176,"",111.16725618999494,"",92.71332421147495
2174,2023,S08000015,"",under75 years,"",Female,"",Coronary Heart Disease,75,"",44.934126570447724,"",35.09088151305336
2175,2023,S08000015,"",under75 years,"",All,d,Coronary Heart Disease,251,"",77.17591496505561,"",63.902102862264165
2176,2023,S08000015,"",All Ages,d,Male,"",Coronary Heart Disease,372,"",211.3324168020633,"",192.6430370283246
2177,2023,S08000015,"",All Ages,d,Female,"",Coronary Heart Disease,235,"",123.60354295091625,"",96.43419921511591
2178,2023,S08000015,"",All Ages,d,All,d,Coronary Heart Disease,607,"",165.77905230096957,"",144.53861812172025
2179,2023,S08000016,"",0-44 years,"",Male,"",Coronary Heart Disease,0,"",0,"",0
2180,2023,S08000016,"",0-44 years,"",Female,"",Coronary Heart Disease,0,"",0,"",0
2181,2023,S08000016,"",0-44 years,"",All,d,Coronary Heart Disease,0,"",0,"",0
2182,2023,S08000016,"",45-64 years,"",Male,"",Coronary Heart Disease,22,"",132.8341987682647,"",113.03445020808965
2183,2023,S08000016,"",45-64 years,"",Female,"",Coronary Heart Disease,6,"",33.235473328532656,"",33.16973845949115
2184,2023,S08000016,"",45-64 years,"",All,d,Coronary Heart Disease,28,"",80.88978766430738,"",73.1020943337904
2185,2023,S08000016,"",65-74 years,"",Male,"",Coronary Heart Disease,18,"",223.54694485842026,"",223.94564291515618
2186,2023,S08000016,"",65-74 years,"",Female,"",Coronary Heart Disease,14,"",165.71969696969697,"",166.09230521073502
2187,2023,S08000016,"",65-74 years,"",All,d,Coronary Heart Disease,32,"",193.93939393939394,"",195.0189740629456
2188,2023,S08000016,"",75plus years,"",Male,"",Coronary Heart Disease,77,"",1143.1116389548692,"",1267.2789002628615
2189,2023,S08000016,"",75plus years,"",Female,"",Coronary Heart Disease,59,"",717.4996959747051,"",709.0816156292163
2190,2023,S08000016,"",75plus years,"",All,d,Coronary Heart Disease,136,"",909.1516812621164,"",988.180257946039
2191,2023,S08000016,"",under75 years,"",Male,"",Coronary Heart Disease,40,"",80.20693388943475,"",58.75650748487381
2192,2023,S08000016,"",under75 years,"",Female,"",Coronary Heart Disease,20,"",38.61003861003861,"",28.823816196584982
2193,2023,S08000016,"",under75 years,"",All,d,Coronary Heart Disease,60,"",59.01387809699914,"",43.7901618407294
2194,2023,S08000016,"",All Ages,d,Male,"",Coronary Heart Disease,117,"",206.68821877153002,"",167.5235228348927
2195,2023,S08000016,"",All Ages,d,Female,"",Coronary Heart Disease,79,"",131.61621378471585,"",90.04701814552182
2196,2023,S08000016,"",All Ages,d,All,d,Coronary Heart Disease,196,"",168.0528165995027,"",128.78527049020727
2197,2023,S08000017,"",0-44 years,"",Male,"",Coronary Heart Disease,0,"",0,"",0
2198,2023,S08000017,"",0-44 years,"",Female,"",Coronary Heart Disease,1,"",3.1674638117259506,"",3.239930758051228
2199,2023,S08000017,"",0-44 years,"",All,d,Coronary Heart Disease,1,"",1.5933969629853886,"",1.619965379025614
2200,2023,S08000017,"",45-64 years,"",Male,"",Coronary Heart Disease,21,"",102.84035259549461,"",93.73936733485408
2201,2023,S08000017,"",45-64 years,"",Female,"",Coronary Heart Disease,11,"",49.52278047902034,"",41.42429577961664
2202,2023,S08000017,"",45-64 years,"",All,d,Coronary Heart Disease,32,"",75.06098705197974,"",67.58183155723535
2203,2023,S08000017,"",65-74 years,"",Male,"",Coronary Heart Disease,36,"",350.7062834875791,"",349.9411745311488
2204,2023,S08000017,"",65-74 years,"",Female,"",Coronary Heart Disease,22,"",204.6511627906977,"",204.5048175965875
2205,2023,S08000017,"",65-74 years,"",All,d,Coronary Heart Disease,58,"",275.9933380918391,"",277.22299606386815
2206,2023,S08000017,"",75plus years,"",Male,"",Coronary Heart Disease,92,"",1066.2957811775614,"",1147.4258170558012
2207,2023,S08000017,"",75plus years,"",Female,"",Coronary Heart Disease,59,"",554.7198194810079,"",560.4801615667151
2208,2023,S08000017,"",75plus years,"",All,d,Coronary Heart Disease,151,"",783.845514950166,"",853.9529893112581
2209,2023,S08000017,"",under75 years,"",Male,"",Coronary Heart Disease,57,"",92.12418987280397,"",67.67555568077688
2210,2023,S08000017,"",under75 years,"",Female,"",Coronary Heart Disease,34,"",52.68622255280244,"",37.58242509734919
2211,2023,S08000017,"",under75 years,"",All,d,Coronary Heart Disease,91,"",71.99025362720124,"",52.62899038906303
2212,2023,S08000017,"",All Ages,d,Male,"",Coronary Heart Disease,149,"",211.34451993588743,"",164.85307920452905
2213,2023,S08000017,"",All Ages,d,Female,"",Coronary Heart Disease,93,"",123.7212148625098,"",84.64322137959212
2214,2023,S08000017,"",All Ages,d,All,d,Coronary Heart Disease,242,"",166.1289215349763,"",124.74815029206059
2215,2023,S08000019,"",0-44 years,"",Male,"",Coronary Heart Disease,5,"",6.450780544445878,"",6.940421325940241
2216,2023,S08000019,"",0-44 years,"",Female,"",Coronary Heart Disease,4,"",5.127810681229649,"",5.35908640394547
2217,2023,S08000019,"",0-44 years,"",All,d,Coronary Heart Disease,9,"",5.787185884410607,"",6.149753864942856
2218,2023,S08000019,"",45-64 years,"",Male,"",Coronary Heart Disease,46,"",109.82189753139474,"",103.7860895900674
2219,2023,S08000019,"",45-64 years,"",Female,"",Coronary Heart Disease,21,"",46.86244755868964,"",43.70029432438084
2220,2023,S08000019,"",45-64 years,"",All,d,Coronary Heart Disease,67,"",77.27975270479135,"",73.74319195722413
2221,2023,S08000019,"",65-74 years,"",Male,"",Coronary Heart Disease,61,"",383.9617297161201,"",384.3413321423745
2222,2023,S08000019,"",65-74 years,"",Female,"",Coronary Heart Disease,27,"",154.41807263368602,"",154.51918131972172
2223,2023,S08000019,"",65-74 years,"",All,d,Coronary Heart Disease,88,"",263.6941148268009,"",269.43025673104813
2224,2023,S08000019,"",75plus years,"",Male,"",Coronary Heart Disease,136,"",1109.841684347968,"",1243.069381250598
2225,2023,S08000019,"",75plus years,"",Female,"",Coronary Heart Disease,113,"",694.5298094652735,"",743.2147944145663
2226,2023,S08000019,"",75plus years,"",All,d,Coronary Heart Disease,249,"",872.9490954985276,"",993.142087832582
2227,2023,S08000019,"",under75 years,"",Male,"",Coronary Heart Disease,112,"",82.78941182558044,"",78.6889902553021
2228,2023,S08000019,"",under75 years,"",Female,"",Coronary Heart Disease,52,"",37.062642994091355,"",33.735163398529956
2229,2023,S08000019,"",under75 years,"",All,d,Coronary Heart Disease,164,"",59.50955418635199,"",56.212076826916025
2230,2023,S08000019,"",All Ages,d,Male,"",Coronary Heart Disease,248,"",168.093427411429,"",183.48322544487874
2231,2023,S08000019,"",All Ages,d,Female,"",Coronary Heart Disease,165,"",105.382154011228,"",97.58833018997322
2232,2023,S08000019,"",All Ages,d,All,d,Coronary Heart Disease,413,"",135.80612278451875,"",140.53577781742598
2233,2023,S08000020,"",0-44 years,"",Male,"",Coronary Heart Disease,4,"",2.569472101956653,"",2.6817569522452884
2234,2023,S08000020,"",0-44 years,"",Female,"",Coronary Heart Disease,1,"",0.6454569512486364,"",0.658051828161986
2235,2023,S08000020,"",0-44 years,"",All,d,Coronary Heart Disease,5,"",1.6097719597041882,"",1.6699043902036372
2236,2023,S08000020,"",45-64 years,"",Male,"",Coronary Heart Disease,70,"",90.37739015919331,"",87.3678807677635
2237,2023,S08000020,"",45-64 years,"",Female,"",Coronary Heart Disease,27,"",33.617630579592856,"",31.71009917423879
2238,2023,S08000020,"",45-64 years,"",All,d,Coronary Heart Disease,97,"",61.48268343390295,"",59.53898997100114
2239,2023,S08000020,"",65-74 years,"",Male,"",Coronary Heart Disease,90,"",286.4052953156823,"",287.5113477380826
2240,2023,S08000020,"",65-74 years,"",Female,"",Coronary Heart Disease,39,"",119.10579037380894,"",120.08200322449021
2241,2023,S08000020,"",65-74 years,"",All,d,Coronary Heart Disease,129,"",201.03478369280637,"",203.7966754812864
2242,2023,S08000020,"",75plus years,"",Male,"",Coronary Heart Disease,241,"",1017.7794670383039,"",1091.7231766423197
2243,2023,S08000020,"",75plus years,"",Female,"",Coronary Heart Disease,180,"",589.7385492431689,"",586.1062127989942
2244,2023,S08000020,"",75plus years,"",All,d,Coronary Heart Disease,421,"",776.7384365602111,"",838.914694720657
2245,2023,S08000020,"",under75 years,"",Male,"",Coronary Heart Disease,164,"",61.9918276627191,"",60.2080534837016
2246,2023,S08000020,"",under75 years,"",Female,"",Coronary Heart Disease,67,"",25.001119453109837,"",23.4803676999475
2247,2023,S08000020,"",under75 years,"",All,d,Coronary Heart Disease,231,"",43.3771047754249,"",41.84421059182455
2248,2023,S08000020,"",All Ages,d,Male,"",Coronary Heart Disease,405,"",140.51278492870279,"",153.0444145679772
2249,2023,S08000020,"",All Ages,d,Female,"",Coronary Heart Disease,247,"",82.74429667347827,"",74.1166937588617
2250,2023,S08000020,"",All Ages,d,All,d,Coronary Heart Disease,652,"",111.12247332719772,"",113.58055416341946
